nitrogen,phosphorus,potassium,ph,moisture,organicCarbon,electricalConductivity,soilType,fertilityLevel
64.00721913290332,43.34621188030335,20.587577736153964,5.358256394510146,47.53408483800742,0.8551272222969253,0.8163037453490564,Loamy,Medium
66.07036759780526,41.55571128971843,49.27160520780806,7.3017929655744265,51.61011210702455,0.8306547133620342,0.9011251724981497,Black,Medium
82.00148178027494,54.49664252498834,57.10512728953694,7.680275716614362,59.99111673310557,1.520102314691495,1.1514026058632958,Red,High
57.84710502982525,37.54005872755587,49.169852036094596,8.11331808069637,41.123019803384615,0.7963271812785387,0.6409699997854669,Loamy,Medium
24.746577965796373,11.278748184299776,12.755187843087604,5.555414951477291,37.43254171203442,0.6503570243932468,0.300208252688035,Loamy,Low
73.38699591722053,57.06164035420618,81.94286044717104,7.101235993897214,63.743288687941174,1.3827065673482677,1.3309534316331955,Sandy,High
76.60657567285398,47.414782839900866,63.55574987091718,6.652371973895985,81.43423704604714,1.6036211176906052,1.5211179392856147,Black,High
46.641839520227606,34.79028371615506,51.03466797631134,6.9689812638342845,55.520166822399105,0.8453824783254686,0.7182826056137952,Silty,Medium
31.58901882659325,21.765871084719414,32.96657256798066,6.525819451433291,47.70910883284678,1.1571456062203305,0.7260044178059624,Red,Medium
91.69133556417286,49.66914844391666,75.30840380091858,6.304266653040014,64.15393599401256,1.7552238963535998,0.9151648992350689,Clay,High
26.137435306004562,21.84597327124727,28.01184293632939,5.56576957628095,29.015145154905763,0.5020900861312837,0.40565072203684815,Black,Low
24.80773237945832,18.450304264101575,32.03303806878222,6.71981938137875,31.620826202111342,0.6692409870305465,1.1058302255129344,Sandy,Medium
61.75454054381036,51.12387418985318,52.7996471214307,6.5948702316894945,81.67488648137969,1.1109589813755034,1.37163862019284,Clay,High
42.49360070885129,17.093363601727,49.35210950182308,5.976405832748958,48.79211453625645,1.1478667723884393,1.1723913560906014,Black,Medium
27.97203198451948,19.75997347177412,34.59187575240436,5.6845778721402045,33.56871059149509,0.8711926938926948,0.20602265022188684,Loamy,Low
15.807664644539226,14.881521574753856,7.233138524436912,5.544605662770083,27.777773029012266,0.16700648931936213,0.2371957653826425,Silty,Low
41.2490742354043,41.31089972805864,25.144094332759963,4.4073233159776946,7.811583473418217,0.46740060077001644,0.27367060284414135,Sandy,Low
42.206451215043074,31.451300249419763,62.4709390463969,6.525638853956276,44.09638195553574,0.7671646489827079,0.4515697521650414,Black,Medium
56.49098827122281,52.44722904937871,45.56329425767463,7.186191608818446,40.00845281753018,0.5945168700748926,0.6076743123088781,Silty,Medium
86.05551571896262,23.964746528531755,59.468057489319754,5.677658257530379,57.17887615449093,1.2785823477981106,0.78553966251522,Black,Medium
91.9214440296416,50.488045151742824,48.390307779724026,5.519861935787849,64.24364293038755,2.3632183276923824,1.2947976518005626,Red,High
85.16786188036882,72.28402438389554,71.5101200218217,6.530165492249637,85.547563618472,2.1432885827354204,1.6800116777588778,Clay,High
47.84766177297456,77.11299105123749,95.57865153253275,6.73843270804566,51.31670834270895,1.85104528219338,0.9400272090278233,Sandy,High
59.80149956642372,28.659343648544514,43.938537599359144,6.26924568118039,56.05700193585767,1.5643587965692909,0.839928679518384,Clay,Medium
25.4640975787687,11.254157837657031,8.81186939576372,4.485293343149874,26.65876559299188,0.7398166101654431,0.18124931080687848,Loamy,Low
20.674136233330636,15.378615245104314,34.130336078350645,5.476680805902748,43.373981074427434,0.5795023643760286,0.29473032989927345,Black,Low
47.149649412323065,21.071731205432968,45.08587737953449,6.582582664111125,68.58871960536634,1.210442706707601,0.6322864628770595,Sandy,Medium
53.73115996325994,45.73010180451119,73.04968005744544,7.985268258799411,52.52191010933309,1.4252584951715255,0.6487590716731766,Loamy,High
37.43491347944283,23.354531440156528,42.86884934896931,4.9938172869146955,25.555911349777304,1.2710193068867917,0.5367670321197131,Sandy,Medium
119.73827056642628,94.6709403693657,49.25493393879454,6.568575938890773,66.44022216222662,2.4260530106503486,0.9736800180400935,Silty,High
91.69532148933237,51.65784390294533,65.85883256774335,5.436090021568336,58.90374132832935,1.5881172541962387,1.3150075690953518,Red,High
31.18692374799653,26.10172654255863,22.55429327668466,5.346229485879442,30.531553475778672,0.5200202543419394,0.29011955396228745,Loamy,Low
56.95492249591261,34.74534647144476,36.73354902475242,5.37009258678955,22.369427903052326,0.25302124672397974,0.6344057315559957,Silty,Low
31.281577437307718,4.043312104206459,30.274384815581808,5.418094236750053,18.89569315585522,0.40683404621201225,0.4674690967841735,Loamy,Low
80.93023463868079,50.47231670510361,70.4410001936395,8.224342775693842,28.63344026789313,1.6005228889059326,1.2994234779842853,Silty,High
21.90893960546581,3.9462257401713394,24.279954837141098,6.309145149914929,14.661385950838623,0.7273187232875652,0.3608654598378791,Silty,Low
40.117883068383136,47.300490541688546,50.991862903852486,7.785849284327956,54.116048400959095,0.8653808029430983,1.2036655957569142,Sandy,Medium
56.11311731272753,29.737719511118208,44.79854979031046,5.842060941359779,52.08750649362442,0.4772071304524323,0.9921170753318854,Sandy,Medium
38.883718028140514,24.00695190985008,39.206461576468016,5.611542283797051,14.279597443467594,0.5039312385044318,0.20903870533293314,Silty,Low
113.22456866553443,66.70100175372181,56.817113142740055,5.748148195395495,62.42616720739139,1.1890447372599264,1.0620807223289572,Red,High
38.70843239717366,22.87009177779552,0.0,5.313056710321182,30.72033573232578,0.6193336684894464,0.7109177426972173,Silty,Low
42.54234519694231,39.4999695507269,25.020867206552694,7.580759238442807,50.4202793524079,1.2039751957530211,0.6943923944652052,Silty,Medium
53.497006389306904,35.57840981968565,47.244118871380714,5.709323788208495,49.53721453756966,1.0308372939012933,0.9043466501577688,Clay,Medium
61.829278360431815,52.24987357552591,100.87361763879792,6.230770594068693,51.31074977522584,2.1419623206829215,1.4864278533358897,Black,High
100.13587965133054,65.78548093646087,76.86586402118549,8.994887790311477,59.33289804474143,0.8585206373320642,1.6991912212247995,Loamy,High
46.20443491416014,47.40505753346579,24.772885507292898,5.398682228715089,24.10619827911638,0.5694072903938983,0.9167200533237385,Sandy,Medium
54.74468232215267,21.658551887142984,68.86965736624612,6.4754015697254985,67.97201503231595,1.9948205230129334,1.288707600976431,Silty,High
28.521325115265753,23.574948703500436,13.953267371301177,4.775301129905259,31.96776096656957,0.7169268341001805,0.349126588999577,Red,Low
23.718754713014942,24.636152336192584,1.0693962894584423,4.192469370347667,16.999523548640408,0.1,0.29791240077206815,Clay,Low
77.3023186723485,56.76906114718593,85.42747994737269,8.094917519040923,61.10120684856019,2.2685060736191467,1.2757954643615506,Silty,High
9.71409836178482,10.89492917013078,17.41983311925571,5.662509513565021,47.20769831165984,0.1882764363095104,0.4907089442867854,Loamy,Low
59.59515341541123,33.45152965298111,22.029130089829636,6.856932089524596,38.73999144629523,0.7898299284879335,0.5846544695162682,Red,Medium
79.21511318127189,58.60126803195473,73.7907496628615,8.08859548997535,57.54378003876307,1.0797197169247927,1.5488222766401551,Silty,High
60.0567920373847,37.217148245007174,42.42634963755986,6.679020715237036,62.47093564936403,1.2584753269729008,0.8352638497292113,Sandy,Medium
38.469423475722444,38.86360054472886,43.68964582455372,6.385081506399401,35.99957432860713,0.4731297520073093,0.36394364408191576,Red,Medium
42.87474762333184,29.77489254686362,67.2467739491542,7.284794695925839,38.58949539636853,1.201916290738227,0.7304427880029284,Clay,Medium
61.906737871606296,29.268156677275833,56.766218392812306,5.486449419086077,46.07606874834722,1.7293021179787496,0.8690775433775605,Silty,Medium
84.83040356346416,62.130879334617156,67.09146888971694,6.7466331769522165,51.86672884256954,1.8807265707621723,1.011569587027985,Silty,High
28.65643633552504,26.68229603556728,24.6653140723723,4.899625886511015,31.085690213778268,0.3567347733350888,0.5883984825837268,Sandy,Low
65.6075532683593,26.128632068264032,44.07902671636472,8.127476006832518,66.27366428906872,1.1182546416163104,0.8292990323085487,Sandy,High
131.40830024494807,60.08837980049106,59.046843423208166,7.318572188550276,41.70754141107224,1.575124187666993,1.2778536924444068,Silty,High
29.84102591118816,20.75716180988842,27.68326018107997,4.618139402438468,35.08033867569494,0.7287558939438065,0.24537308646274572,Sandy,Low
76.00619545545484,73.6534994889318,60.91942860972506,8.209541018643641,71.35443349268739,2.0616399606069065,1.6881210460675733,Clay,High
15.647656944825458,15.276175515919556,25.523339506431387,3.843809903494694,36.37470902651121,0.39069488377174166,0.6266062789320415,Red,Low
7.448850336424879,11.39016426908838,25.824324912198378,4.974541362185171,27.466224310519852,0.5781547570425425,0.4566098833115898,Black,Low
54.44625105877094,40.289325674240324,48.62045525187321,6.845226754201011,44.60131440873352,1.2484175926554562,0.8008392823684478,Sandy,Medium
30.51606565284896,19.310810336388172,33.33443224122898,6.343455694678343,45.01038738777532,0.7722740940525189,0.6515822389654631,Sandy,Medium
63.83060275681516,33.118500735459286,36.165006264023454,6.565192643197286,48.25568304983325,0.5155618221754856,0.8050443436834309,Red,Medium
74.64530635680401,33.63248520639095,89.37897760019473,8.02315498655349,52.84554718865531,1.4821206575139287,0.575221849576035,Sandy,High
74.03944473307911,38.99013770002397,79.43034372209054,8.697566877673195,52.308489685109365,1.5370225221240097,1.3159255431267805,Clay,High
75.6634213036794,79.49818391138352,41.57185362913172,5.747037713838751,50.84380270440819,1.185082293280582,1.4775283605710205,Sandy,High
23.600607045725948,40.989685297823456,37.06953335173219,7.122775462610872,38.46894956275696,0.7590154150693292,0.9390489543769969,Red,Medium
6.414249377539715,22.304275519426007,10.65691948325601,5.264693278111784,14.186390081408458,0.5016938523282682,0.2748121972246729,Sandy,Low
97.276402729648,57.383023303474516,63.99400829548502,8.206060964118958,56.27151851959335,2.056182267681351,1.3252957653500084,Black,High
19.326743213940507,14.706893422270326,34.62642639803341,4.371589763241296,6.576860293589712,1.0335523618352542,0.8788790314692605,Clay,Low
21.010591350077036,29.58467626184462,44.62185706210317,6.248060927182195,32.63934349693782,1.3486420112915318,0.935391622562939,Black,Medium
106.68618168946932,56.40744465411884,62.6027974069039,6.772197107033231,62.99850417353217,0.7784943405495747,1.2960293968336447,Sandy,High
119.9565002591209,51.56158172673059,104.15482195570355,5.906633371996194,69.6343691684363,2.200977732950779,1.006666770597861,Black,High
46.81933273141439,15.251715510680562,43.78924608227065,5.450939063199351,41.891908736033415,0.9255236690944637,0.44475651247658615,Red,Medium
59.713069368408405,27.250094342133515,13.223067898153197,7.027875229286509,49.268437063290875,0.7358375527890548,0.5302973535671869,Silty,Medium
50.120280105143806,21.361508789799498,24.87703141262015,4.983150448924004,42.747889712648856,0.7638233110614948,0.6453105015417351,Clay,Low
43.23214121558074,27.729865119968217,53.48962065414787,7.598699552237386,45.3531837720734,0.9377273850947627,0.8890969892513558,Clay,Medium
1.230449803190485,12.069541202144734,13.175836660385542,3.5,20.36361555631196,0.3003625321969777,0.38380116218661053,Red,Low
41.34796543961593,21.66104907701731,43.31654550543765,7.23933889715308,30.859644785959023,0.5414620278588523,0.9428807710403291,Sandy,Medium
44.53222014489671,40.718300128985234,31.579062631512308,6.390332279369386,39.12454784487791,0.4681861782150087,0.4760348514688885,Sandy,Medium
39.89089522068062,21.754916901879376,42.84585275692001,7.302415085879442,16.768031269983233,0.4008067144232017,0.616964982783041,Sandy,Medium
55.27828522874648,20.458229889611466,30.565569496753685,6.758250973378169,42.02936277410282,0.8916973165273904,0.7787123819957404,Sandy,Medium
82.71588643017809,64.88874344718896,80.91213251111154,5.442115205047408,36.71976983423714,2.4176356963955414,1.5825630261133423,Clay,High
81.58146856333825,67.03173516890742,96.76151235894903,7.364667814891306,64.02780489771229,1.5103690583851677,1.2532063616677833,Clay,High
62.698641885423676,82.68257911208602,96.56269443315409,7.922443815199886,50.02894482848134,2.059108116204857,1.4290953946594125,Silty,High
32.98908257147405,23.920113890434685,27.3690628337221,5.338553985601473,12.163888702858166,0.5400690585785337,0.31988544740715746,Loamy,Low
116.63633238601648,78.20593477239984,89.74752960472979,7.129692075170287,79.55812657238454,1.7050623358527668,1.3067832375313782,Silty,High
26.66424521266859,7.578783065324284,22.536831770017436,5.044189305300233,47.9756116664464,0.8815334386118618,0.42206017903646387,Black,Low
83.88424756208396,51.159204212862335,55.74928132596615,6.764053310153764,52.30072266351733,1.4098409683827342,1.3931421080733097,Black,High
69.26982423508382,67.93981940259893,84.94757982234114,7.8232531585967156,56.25528452074708,1.0760647698023653,0.946564328339743,Sandy,High
58.068480549842604,47.16064222765572,57.199755804105,6.294217074775062,31.069529453669567,0.8542680208967306,0.8677908628583154,Silty,Medium
88.05769629939797,49.76126711746654,57.95094266039402,6.893095248838171,56.77409645832034,1.8025238433709079,1.3264971263985943,Red,High
73.37517752269176,74.12887715883048,49.4067277962514,4.995010995926522,37.79601300784735,1.712226177562201,1.2586568378491556,Loamy,High
25.407247750629466,59.54307424203153,92.98301122885718,5.884997311597457,51.35626381205823,1.1070283158111833,0.9995831070982919,Sandy,High
41.702338120529554,32.699093403900164,17.640607749598523,6.433542149845128,30.35576476984625,0.9408858464082595,0.40320624306237146,Silty,Low
102.86165886988056,42.36414132329268,35.512825640582435,7.175198296220687,41.6580095549879,0.8030749451296373,1.0198922991762644,Silty,Medium
48.55320458368245,33.15383744051822,48.038997519265216,6.73997271794892,20.480757126781516,0.9199774404662882,0.6039557276373339,Sandy,Medium
81.29243526363753,44.29091369598807,81.29650972268759,5.692042350266184,63.51489901787155,1.6579622641940792,1.236955564304985,Clay,High
14.913177554141008,23.794261419649825,21.630023683346998,3.7756376226816624,10.41408559602969,0.5170433696969653,0.38022588279845626,Loamy,Low
84.01074891859547,67.26709453787619,50.222321585319065,5.845225566389285,53.52120462915972,2.0763333002403765,1.5985852660210047,Clay,High
11.972802493445528,14.256078511285871,37.40391525909264,5.953816890003829,41.099336472943286,1.1538892042731301,0.7514158072190615,Black,Medium
38.20291264839131,38.26763092372508,25.57229516088657,6.711753364256002,47.230638204715206,0.9057672530245497,1.1694207435728377,Loamy,Medium
124.20596341048156,53.89459729345501,47.567736880476346,6.684410517979529,48.00881239585601,1.3842625439183298,1.3611693240043374,Red,High
36.861456595510404,27.26006206416907,35.36301756563291,5.470589384988005,43.63428712085699,0.1,0.3627768212468767,Loamy,Low
73.43068481139115,45.99971093124568,65.34147452880428,8.593957392183645,53.81427838188158,1.499034218575912,1.184964587621214,Sandy,High
26.601145664106088,27.322460284377414,37.47393997603329,5.316734057336417,32.30592197432042,0.19503401423637118,0.40418218636518827,Sandy,Low
35.52565502258869,19.6928778623604,29.863939595679525,5.443536696295673,42.003062582593216,0.5894461976697067,0.35597430319721374,Loamy,Low
90.65771472770099,2.9222204469930304,40.42458548151331,7.306591740846886,68.20788138446834,1.2117799123412292,1.0506114282738972,Silty,High
42.48529717904369,57.672123436432834,43.97696176188385,6.726428941505014,73.25079191582128,1.1278112737381494,0.5994843242480237,Clay,Medium
10.548328152751468,15.953343429273414,13.578079060025633,5.747050430031203,33.987652990874864,0.5154270830332248,0.4008872524879363,Clay,Low
61.86902719503648,22.003165484636803,31.500948408544737,7.283743372322024,41.05195753354323,0.5249473722209377,0.917638796064283,Silty,Medium
55.6717074474177,41.09141401671211,48.492637420475155,6.905585187009117,29.14877082291101,1.0493120464988586,0.7534236529165017,Silty,Medium
65.92888975071563,52.22834079446152,65.53244065520431,7.153772445316536,44.683189820437796,1.055816048907903,0.9887010317925335,Red,Medium
99.47506263752365,53.17004295563695,56.33140901802142,6.526974240747728,70.24083491053865,1.7012571823039813,1.3452587935231346,Silty,High
46.00253659363825,41.318729799927866,48.54611124150073,5.412149530470817,63.30765749423493,0.7997765768729251,0.4558790244992595,Silty,Medium
52.834773098520536,29.987644438991392,43.95381802714417,6.895761572385983,50.07850433431244,1.253777233431943,0.9101622606123123,Black,Medium
17.541836670298476,28.991179225090928,17.837479226126312,6.428847941438237,51.457732853304805,1.4405720379780704,1.0812795663986465,Clay,Medium
59.762577800731805,27.192905989432553,43.983288182679814,7.188909053568615,39.306743848126914,1.1917035917727503,0.9690283011123064,Silty,Medium
58.12078320427143,40.68422979908656,45.22311064847189,5.790141233577879,32.12057499938385,0.6309609815432746,0.9393707819242312,Sandy,Medium
55.83829384553486,51.14303981785611,69.75436407318414,9.100617130553026,49.38628405562346,2.6428005744354754,1.2919558759164385,Clay,High
53.893566614211274,40.165514700156415,42.15577874765579,7.260710539359327,40.522346269303334,1.2896703716537743,0.6782392335531349,Red,Medium
50.981126391981874,48.89638552619187,43.07172584214975,6.242491441036873,29.36213679886639,0.7049697631474461,0.46958526286126384,Sandy,Medium
28.49464650720049,28.55210558193117,49.09210861229503,4.689390440450369,44.353001566454395,0.5785005952963955,0.3927754235856523,Loamy,Low
27.214352981734404,14.733334697386645,7.018903402011492,4.019462358234542,36.53244883281227,0.4535919783794288,0.31270399806189,Silty,Low
64.71891604665004,34.98400337329038,39.74007483633923,7.38103436451916,64.95022603577958,1.318040395916227,1.0342059724956998,Black,Medium
59.3525633604499,39.58181751782371,50.23592688015803,5.522129860362366,60.93771922819284,0.6193116218747186,0.6451881198724878,Clay,Medium
62.825781698982865,49.36138118654449,40.739907395752496,5.4782009269785865,48.288524071374596,1.1178947036562763,0.8373775175948021,Clay,Medium
29.872379189832166,10.69644177279454,25.50317278043813,4.898088945724748,22.501866617154825,0.46340095307803536,0.3868483656272601,Red,Low
80.34145987628294,31.917093974613323,41.07324667787195,4.722039233911887,35.269511776246276,0.8710779726630941,0.6691124112411385,Loamy,Medium
72.61510798909204,33.67875097455405,44.44673403705892,6.328962841829999,46.04555501945751,1.4656385009149577,0.3096856401147319,Loamy,Medium
20.02512085838275,18.11622305550055,27.901044247640122,5.431161038619233,26.1575408711943,0.7645704863780229,0.6054351725674916,Loamy,Low
88.45290526864258,46.13923762503963,79.16506942400008,6.99955181032081,62.01741800780833,2.318640500319621,0.5637558040087757,Loamy,High
11.130313766498459,15.093914819449555,18.453918302339698,4.044872046558867,18.133577709202562,0.25071839772347454,0.8623363365736605,Sandy,Low
18.920502073697683,8.806368022493647,1.9186958677473314,5.018183869514033,18.01933215080377,0.39970869792089414,0.13196294717217405,Sandy,Low
54.37803352484529,37.028305575623314,53.910629855394596,5.34360881267437,56.256228761626744,0.8519237892233339,0.9592287412136073,Black,Medium
19.368769714661962,20.92290993651014,27.129653804745992,5.0013084717889065,40.786010015409474,0.6094420680294194,0.3738022590480445,Sandy,Low
47.27172833707006,33.683876806264216,8.720001191775026,4.451426822189994,44.84918786733851,0.2660125477989671,0.18194259600749776,Loamy,Low
24.87363622727794,12.795491036755262,14.25787538275491,4.6013640549111035,21.204903713410573,1.0675918905462547,0.4735519928133999,Loamy,Low
37.99029403868361,30.954476550953462,35.43735222355574,4.278633332064638,26.517499810043045,0.32545151680470524,0.3250475688506463,Sandy,Medium
70.6156979154851,72.06789267249644,74.575721230414,7.604302943143644,45.25950515493647,1.5360475206087374,1.4540399855408168,Sandy,High
94.19080741232332,61.92662862004766,59.207158061918676,5.889508410956105,46.60633168532246,1.736332327607014,1.341562763261008,Loamy,High
32.27590739752334,22.945525717322408,40.17068132134738,5.99388658253863,19.98708567243456,1.1088728283469504,0.3244242291799713,Black,Low
53.08778601681742,28.466356836973358,22.307637682700808,6.262748391826922,27.287401176332693,1.2401897707528318,1.1536943845706344,Silty,Medium
34.73861265717026,26.086667968495313,53.29393644638446,6.36916939052527,60.18819885285493,0.6442642051112989,1.0398539931443875,Sandy,Medium
55.66990541408065,28.081265769370585,43.405293949381004,6.307600896560853,32.3705831596655,0.9188995682996206,0.9630547812272401,Sandy,Medium
41.94279281359934,15.000442481206917,24.730523184341784,4.663479517519251,30.233553161145554,0.3760601322114725,0.7116126556444892,Loamy,Low
48.511533950329245,46.12980429042015,19.747876590700567,4.788717924107768,55.55006386263729,1.1617686413222525,0.8750981860573673,Black,Medium
123.07018820802685,69.47112235777061,70.715304722285,6.244657421669334,56.87055292569788,0.8057368865359926,1.322139317857925,Red,High
49.428108918324185,44.74016350770458,49.480565884265246,6.0311839246721135,70.21869248652688,0.9399882481915184,1.421995722739978,Clay,High
12.308663840247334,22.039395113973715,58.79482320923236,4.177604575417142,41.82971905367777,0.5959997664598222,0.997005466348664,Silty,Medium
78.32800915665251,61.916445868367305,97.37961343568031,6.7173522506921675,60.199719124584554,0.8610213590131816,1.5833157977222483,Sandy,High
51.64403528241263,15.808272201261655,46.74524034714726,7.173973018340009,49.515205881967496,0.47333073074638243,0.7927619552474748,Silty,Medium
5.342123574375016,9.401871889458288,29.7654360408152,5.2890668039381,34.11971582126754,0.9662787538295947,0.5043395001311164,Loamy,Low
78.72390883819018,42.82964130934107,74.84474237195413,7.295091926450006,55.15269990469929,1.266393251786964,1.8967564381852218,Silty,High
17.944860804577168,25.32744241823679,19.908548484386657,4.922982987577518,35.62272871914493,0.20994825562439445,0.483472896705091,Silty,Low
21.86166685838189,13.943157756574063,16.89660026654891,4.922226125366553,26.22193467241728,0.7399147458578961,0.10802236142238303,Loamy,Low
45.925015597719025,39.37521118120804,30.476145077589635,7.164388659340367,60.947619522062475,1.237877157725022,0.4867539493254213,Red,Medium
50.894575057348646,53.659836627208584,73.8325518245322,7.400467746440836,64.30439777033513,1.8223171950758994,1.6626111898308669,Loamy,High
25.658900924345133,52.5292118462088,65.36558355929678,5.1101868331638975,63.22437975702006,2.224478264412413,0.9457609993146348,Red,High
41.24940762112517,49.25132997587039,37.4893061586581,6.7697699912085,23.545382607268156,1.508695268418464,0.9525835381874297,Silty,Medium
61.20874415999832,17.491986281574086,64.00940579113508,6.1408121796028565,43.551165819418785,0.9630039786124256,0.6922566913959713,Black,Medium
96.0349628280608,53.876874347202,76.21119697723489,6.5230361304674656,90.0,1.0414692250991906,1.6030624505976356,Loamy,High
38.365459104550496,57.522009716115704,55.94588339534382,7.17691120545833,46.33626624431052,0.8848321525343971,0.7739300580512861,Silty,Medium
47.214883637773134,22.974120145489806,53.893124748619755,7.136920597115834,48.470322907236095,0.9389197375659958,0.7603958113652822,Sandy,Medium
15.791877372433365,4.916294012337136,23.369486115459498,5.0415858517413845,28.672137709267265,0.1,0.1954828554550496,Clay,Low
57.76946684250946,17.702460270272184,61.26446578831077,6.284777871956259,49.48048475780242,1.6477339375645053,1.1536168221296688,Silty,Medium
61.17661282022982,49.442369838726556,76.15837197562458,6.805298279174217,51.17564350345938,1.8529729002382382,1.2180212303022058,Sandy,High
77.34249053529182,36.930513649816895,55.555526878993376,5.820311158785821,40.045476048425186,1.2402194366151256,1.0374817133423693,Clay,Medium
31.417706638660846,19.119387449066448,26.874363173765104,4.786466217262555,47.31382431336505,1.2875131765124075,0.8170485268765421,Red,Medium
79.74402006734786,83.34398250315616,44.6857933932871,6.548390157660724,84.17608484707934,1.88899090336555,1.407727660584599,Loamy,High
89.5988707731453,64.88653342389951,60.55304078748732,7.69025272101738,44.15096078048799,2.205497458307095,1.3000474697201716,Black,High
18.38597598785176,9.426389385106045,17.463852583863556,4.327207955239837,37.21533159784438,0.27813660879991337,0.5481558641383892,Clay,Low
41.22171009667574,26.129362509633033,59.90176074649807,6.664231956493274,48.67429769380335,1.2535620488458452,0.35641768358746856,Clay,Medium
54.117544102442764,35.77186755251446,50.57754055570635,6.831824826865418,22.030399685321683,0.44530205546269197,0.8662640840389522,Red,Medium
109.24050524439829,49.58755854160687,40.75225905144913,5.758787474840403,26.254211744802518,1.922000729209412,1.1972524443659727,Black,High
71.1763173842671,31.125727343082776,18.38367599027773,6.893825264393807,52.664322742102904,1.0428174710470834,1.0359255448477853,Silty,Medium
123.17510772370278,40.56801145601385,87.98632351873505,5.381387075027984,49.90655906548934,2.804249797949569,1.176948049559762,Black,High
50.32066950399724,48.00235357425959,41.1600941041772,4.975409513949224,36.36111889657954,1.1153575186105082,0.9070120033997517,Loamy,Medium
17.3109429950494,13.346229206382027,17.34530405885775,4.136860487978914,26.56224358906184,0.3934521712329933,0.5588759867571454,Clay,Low
20.820059755605076,19.119394496312907,12.83424892544425,4.297217542482791,23.069522460031973,0.41911511833740944,0.2105747160373912,Clay,Low
34.02687241162079,5.303213593614066,23.37641582337637,4.946044943313565,33.41508685536803,0.6202736347861667,0.15835212961230644,Black,Low
37.316590117200604,0.30369109355533547,24.4572657980158,5.695425987553295,28.469741237937868,0.6520485990463458,0.29344756543839556,Red,Low
25.02276835878679,7.212223607392389,55.313189614703305,5.612004057820447,45.397705763153894,0.6088367493815938,0.5098066653215473,Clay,Medium
58.047535967915174,37.977922608775515,47.850195755895285,6.590880632742755,64.93321845918263,0.6297218692865342,0.807914329435358,Silty,Medium
39.9099379027184,6.625890805243417,17.876445583441303,6.050684767107082,35.08079105199065,0.5668631275551455,0.3808167551817618,Silty,Low
23.223884625170683,17.659371031644447,21.785987061150372,4.625349930054551,35.32129373881438,1.2194187156197007,0.1001424049213065,Silty,Low
39.83695858209751,39.35142835271175,49.01455864792777,7.009483819233971,60.106078918105354,1.2092716023965453,1.0690515034511192,Black,Medium
28.92065632398311,26.622746845961455,8.801242551584783,4.518461082876264,35.234508894421474,0.58813843347727,0.4709523458417981,Clay,Low
47.69559369394302,71.69147502428487,68.13251055932683,6.447932471988391,42.87550195299643,1.9112804407182833,0.5740498017113095,Red,High
22.865711853361304,17.046649301376636,32.695381472938834,4.974941381690276,20.75275294968901,0.3187322823735291,0.6491188983758394,Sandy,Low
75.28740036953677,50.68975012049681,42.92516655063285,7.249626780766388,39.122395799958944,2.0157545156508916,1.2860140458975544,Loamy,High
50.357406543349875,52.78116471015369,58.29667568349697,5.843030358736081,48.68760914048137,0.9505998069245262,0.8820302908267146,Loamy,Medium
81.21359194598531,33.52490275089357,70.16197522988931,7.012817861836463,59.04354763562951,1.021678625954389,1.5267889215984094,Red,High
74.29247142070916,32.990628361054256,51.593437955553526,6.4159697882785744,87.32580702679901,1.6318057764430765,1.4292598246120525,Clay,High
87.9589512170375,52.02046296998677,81.9689056014839,6.418669795603298,41.55713274996827,1.1195814068272743,1.1010743016960278,Silty,High
42.76580098777992,59.12067205029075,23.147424858354416,6.562906542967841,36.36031136408381,0.9142567415891237,0.8511122841349197,Clay,Medium
84.22706144233013,80.64070447183835,60.744987226102516,7.1338270711249585,84.36285985190582,1.859499064187074,1.0873311472111846,Clay,High
50.18930544433764,21.86047763473022,45.519160523332324,5.9330557145550555,39.65888642661369,1.1318873468326125,0.5255558695087541,Loamy,Medium
9.1378888968999,12.69838873315789,40.22946194066577,5.889148333149695,27.878435932458963,0.23541819862376645,0.3247309847940192,Sandy,Low
50.5460651259846,32.66084234507397,41.42749868353863,5.24641701148799,39.80187109407001,1.2243872161960538,0.5189664545387541,Loamy,Medium
16.98270678352072,18.89080343518489,18.825035008265,6.134175565482268,35.06583154190254,0.24620068825616317,0.5408210420904658,Black,Low
29.45200922117834,14.066020642158922,29.928558163229553,4.557842956940623,23.810534474086367,0.3624709855484539,0.318185025296093,Silty,Low
62.06074069776485,54.91794650378075,71.21173044679105,5.352409319475963,46.845029527927466,0.5971399050069701,0.6489266958953812,Red,Medium
14.429239998117449,16.84572497183796,8.83281581613593,5.6894888713963425,20.822464625824857,1.194296552823134,0.33875079882640885,Silty,Low
57.0931763106793,77.88528461378695,94.50321198213135,7.1672242836625015,44.49156686586565,2.1461761063732085,0.9359993071151687,Black,High
27.049829423365097,0.0,11.165840213409695,5.358175480435114,42.12883691723156,0.7862007547581116,0.13343765959653803,Red,Low
37.17066738131223,4.733315475342039,23.0130503308944,5.291689678815919,26.992354151532652,0.1,0.3613743401867288,Black,Low
19.009741747511264,14.455902774068262,20.602937176530222,5.409718223478797,30.19042025600533,0.4807200531985147,0.4366237268858024,Clay,Low
31.247386399491038,17.99549522301633,21.396935265975618,5.7725140153161245,10.471844699517519,0.1,0.4692846921582335,Silty,Low
17.988277868868668,23.31482939391945,30.326388429911198,5.438787605766069,24.652543874358752,0.1,0.5584625174466831,Sandy,Low
31.766536830550827,10.962860581059948,27.737943936677578,5.702370795573011,51.05874197534976,0.3530963247312308,0.37923817478205507,Clay,Low
13.709396377435977,21.316930280213626,26.786616338151667,5.161574027431701,32.19584927179944,0.4579105835954248,0.6860902084288907,Silty,Low
42.60286779577954,33.12084064880278,60.00219316565178,5.202101463924371,30.27643900281473,0.40641773721550156,0.8271929495557195,Black,Medium
33.27516008880879,13.639717727761461,23.312820227433647,4.694844925990842,36.721143150964366,0.6340307361635221,0.2954519346885702,Red,Low
37.48117737492544,21.147014962032777,7.030379422488686,5.5589326428199675,19.15389377563762,0.8590031367906414,0.6043377911713844,Silty,Low
23.70064518369838,23.428191611200226,17.292218305379382,5.2648989094479255,38.719343665194515,0.3851664295538585,0.30908530680167495,Silty,Low
34.968436061981244,13.660910668592084,52.75794546818636,7.533246368319569,63.103947321643666,0.46217465341204506,0.979468027742364,Red,Medium
85.02894861300099,25.889497288734614,72.26777868762626,5.942796243508755,64.5952552328497,1.0442947726806704,1.402000302853727,Loamy,High
14.951118508174513,8.904619348716524,0.0,4.913510526147376,21.765654591465555,0.1182042728291735,0.5015433761361909,Sandy,Low
71.90855188719107,68.99826354501462,77.64699110008355,6.782976544651359,70.04836524004308,1.2124169783175696,1.2590636282035685,Loamy,High
70.65913903682444,60.09641670340385,55.51306472568878,7.358838636998507,77.47506371349562,0.5412638491222448,1.583285596982833,Clay,High
68.40556854812408,31.280436783556542,26.405768210365494,5.304009936601597,58.32286895584744,0.3735486408354085,1.0683780422116438,Red,Medium
32.92167471292106,26.5857342046704,31.793307906780306,7.092980160686823,54.78913371715406,0.43425165983718594,0.7312097339257464,Silty,Medium
55.99801763747158,76.4592074655902,67.467284167729,5.854259034257922,53.19543560787939,1.3633200868772506,0.8931068474356583,Silty,High
12.492928942389723,0.5904945499001594,17.20323529151827,3.6844806360071822,22.478391319324796,0.30181530673519463,0.26318110703535347,Red,Low
75.6003813547197,29.130423851207876,57.53658986180925,7.093772366947361,43.81301171891783,1.6651091154220432,0.9132449559477116,Sandy,High
36.655929433936315,34.80752725320107,36.31411913773489,6.183285098343251,38.849795008797756,0.5837469382260878,0.9267206510693647,Sandy,Medium
21.26495833191846,24.372352244159977,18.641657561858185,4.885311898521843,31.046900298881262,0.9271808039130042,0.17873588255618328,Silty,Low
20.840890963382705,35.39000474051486,62.90099393130477,6.790934819573846,53.81320105557482,0.891326281669348,0.8268303841074819,Clay,Medium
47.361990152402086,37.29312433290429,34.79339517763232,5.524775561714162,29.67707874889391,1.0672175078266688,0.9399711176327532,Red,Medium
36.616875420015326,18.70294109664582,24.920109373657567,5.312686197946293,29.08459980581792,0.3926027612488847,0.818547470842544,Silty,Low
58.94415717520171,35.77039856824506,29.85675157154368,7.298142603650991,44.86966509579,0.7400648057223405,1.0815325051578522,Black,Medium
31.767328128833373,52.549011242834965,51.90556842039431,6.391843107499963,65.08262566746136,0.9977893351488921,0.8138217234771129,Loamy,Medium
59.625647477183676,33.16148153878682,34.52016375358876,6.50394388333286,45.162414570854345,0.5499577043797397,0.4962012827086791,Loamy,Medium
0.0,19.64328421569008,16.219169422461754,6.015772624815937,25.065317908461243,0.678276211420455,0.3485555085771975,Loamy,Low
17.984222923569472,25.972439075987232,11.063021228935169,5.306214989790865,35.30375750509068,0.5427271984237443,0.7649600778123739,Sandy,Low
25.74290630144343,22.062313806553686,51.92531079858124,6.798338347415504,42.50437192419209,0.49049030821428885,0.9887108045323934,Sandy,Medium
57.431822654538514,20.931609172572404,26.83108135657743,4.754998161773108,11.897866789131836,0.3753473528727467,0.2232788566022251,Silty,Low
101.00459100232517,57.82007525236082,74.07500128982375,6.621879871323376,53.77740833541179,1.6840890292324162,1.2409456067653397,Sandy,High
22.23631820194748,6.744686675185104,1.2225093763287198,4.916906669253518,30.564966919932328,0.21132879118989023,0.41379452429376606,Loamy,Low
17.503871903049934,24.309646470469016,48.88716672482562,6.441261104175932,32.15590100320287,0.9975344151499205,1.0449295895793038,Red,Medium
38.280645928657734,26.07721067232045,49.61383739491588,6.556083178514311,48.19756326590377,0.7916497151490764,1.0001280690764371,Sandy,Medium
98.69377432263373,70.16300991224092,55.12757391640298,5.061763543503676,82.0654071281892,1.8077966668991499,0.769943949261086,Red,High
22.006612663236652,13.903508645446983,35.00881860312967,4.366898997531332,24.660682393145862,0.650635339573206,0.4902818877696988,Clay,Low
36.023618490258414,19.588628965452134,25.89383938938409,4.918553518479442,30.626983032367143,0.5458082032128723,0.45871766444742645,Silty,Low
52.70747204640293,25.545591015587476,44.812055096752516,6.122482341200069,48.31817895775838,1.6119575921421205,0.7047699887209282,Red,Medium
59.422038045281546,34.07802105509321,72.05414143006598,6.097568566614819,44.900163601056505,0.5682866212256843,0.7426645582684754,Sandy,Medium
29.510043174259316,29.757293922358564,20.050346894073282,4.6727827479481885,57.039851072793866,0.6146170358660874,0.29049332172386144,Red,Low
15.630520940155254,25.492554846854304,17.356227071067583,5.189153732959539,29.364913255617314,0.6955581779058243,0.26758606328087636,Silty,Low
81.71649969683823,58.65545238336697,55.048740334442755,7.509736357882255,47.09682715298108,1.1847630153517752,0.9856930130778394,Sandy,High
94.583243304557,76.54918989399614,78.13474465643759,7.146714276586547,78.21374847485185,2.881312684260264,0.7714166909051564,Red,High
38.38688604187691,21.146584276359164,40.404163231335616,5.426717027768476,50.020508410448954,0.9655094964285843,0.9258263062480041,Silty,Medium
32.63307538769344,15.913492215733477,42.211434026336676,5.053537710275969,11.375152473752049,0.2794298210161078,0.1067094619749932,Red,Low
17.928692897871127,34.087408899204114,26.48982874076911,5.608268853012434,18.62033860852107,0.22416418086444567,0.42662498983745184,Sandy,Low
22.299014926168688,32.87762011357443,44.16886499448206,5.978765440687773,36.23931505183988,0.788139445423658,0.7810909774139848,Red,Medium
69.29369927921394,29.76217504120025,38.526125646615704,6.750124538827445,53.33013899693025,0.8197398700223343,0.9938865649325579,Loamy,Medium
93.59700720932918,78.89649269407752,54.13734178144898,6.91250838839926,55.93194905043833,1.3270472809730776,1.068206382509162,Sandy,High
39.7063094472334,35.98268398551731,34.471477499613755,5.299462390391546,48.81158032452277,0.9952764580419488,0.9474420336906052,Red,Medium
88.54579062421693,64.43861342323169,50.75901873812279,5.512111971376572,82.57678280805334,1.3121384924280124,0.9576956599887803,Red,High
55.856888089175385,49.7303749380166,87.67001148240166,6.174605752051383,39.494031932915796,1.6767114566223302,1.3878431353426504,Sandy,High
8.596162822603905,12.765593937400984,20.452955631507287,5.679331644401926,19.63418025130343,0.4997152284372464,0.5415260387810816,Red,Low
31.757559210909125,36.65195042802628,46.96019779532893,7.267669113171077,58.924423679209184,0.26996665182834645,0.6473485656256819,Clay,Medium
42.03707676699173,38.253718027324474,53.47239866803646,6.886761389143744,39.08583062041178,0.31687911733108476,0.7197941252519402,Sandy,Medium
32.94402203133734,26.78317516082674,22.268669762958424,3.5,17.219116372881967,0.9726853980534595,0.32162319725489197,Red,Low
71.76395821296435,33.1469115069804,57.25928586749271,6.621566940175493,51.50270963454602,1.0589027743143549,0.97344742862262,Loamy,Medium
26.71457091447144,37.91327666806794,63.46754613896248,7.362160645228917,40.880740203290806,1.5593800002677258,1.024103327901265,Black,Medium
58.479970136525594,46.896391930394046,63.102095224640735,6.458800064965103,45.38675722776585,0.43174103009362225,1.1282841473575225,Sandy,High
121.7076236705822,54.18726137802208,97.5221113712408,7.135278371456972,72.74329502861235,2.1807377431825152,1.6332596969329976,Black,High
79.91327617912712,59.12866107110061,63.3874326699629,7.264484087032209,81.94231908051289,1.2691466274559315,1.3674501699989094,Sandy,High
44.88121790781847,6.782724267469021,50.200433823781594,4.624420593101558,57.2753220941653,0.8006737290863826,1.0399282843718376,Sandy,Medium
49.871856512638956,57.65056137797634,67.46234496070173,6.4576132564585516,70.67266824746905,3.2630483051050456,1.483667153263336,Clay,High
36.35571188084174,16.47942661679404,0.45238692324706165,4.967989706895793,34.30562138996852,0.2297983241379059,0.3882541289119205,Sandy,Low
42.52232177027443,23.99565612325251,30.26694682708355,5.5351209191846795,29.62750747447873,0.680896209367921,0.20666677550418283,Black,Low
54.89649033634013,46.30191025267915,62.85602979298841,7.655998787999158,38.106562906130286,0.9625253580471789,0.9256735450939034,Clay,Medium
72.65432376904575,45.313368781982184,39.34654453340851,5.6934402950759,62.12292195267075,0.7065738476318487,0.7675440027843333,Clay,Medium
22.098329667443547,0.0,28.648891124287157,4.6106847028272515,30.42631024437747,0.5990290461574684,0.3707332807528017,Black,Low
52.342702432945856,46.761800850638956,86.83906727086591,6.347323702190069,41.085512779490365,2.3769518930013946,1.564466496523631,Black,High
97.11939493397632,30.76156966012437,80.23486727252772,6.101282557732056,46.92208928502945,1.8172773513918359,1.1986766842003673,Black,High
61.41925245144241,28.09323683695283,61.33851950606805,6.624938532514784,37.629313520844306,0.828261641820377,0.45755081420956345,Black,Medium
14.044871550983771,27.1071363995366,33.187591648940575,7.660542073736528,25.566656657280284,0.5175947600797839,1.064193321483254,Loamy,Medium
38.477062061174145,26.04705594910198,51.39482475863976,4.538320162443752,26.50555688024533,0.9869891769090564,1.1609759245484077,Clay,Medium
36.932814718275964,34.85507786622517,15.231515268516874,5.088214293386601,54.00701847903984,0.17632627830762518,0.6049645926996878,Clay,Low
85.04944734206313,50.60333333639616,52.671814388780334,6.015208265107553,65.59338673529881,2.118126517828326,1.213673863107219,Loamy,High
36.454099631792644,43.60481464809468,53.83211716471696,8.143584997440314,41.486749713285015,0.8125754594995617,0.9891724917462239,Red,Medium
72.29825693246576,51.25706587435808,76.65809341148865,5.908967216005252,56.663058155804805,1.7376289622947425,1.5288628317502324,Red,High
4.917427857299678,7.924695466350933,8.655155099800691,4.991772468966063,18.11119846402395,0.4216065715714933,0.280664540703231,Black,Low
34.870890976208734,23.29558071544413,21.16129415276004,4.777281603593413,23.10090609039281,0.4789273222307744,0.5251504332034123,Sandy,Low
19.49408690139157,37.44858272342916,53.145790903504235,5.928907294555488,67.79832395368126,0.6856284657691849,0.8678368913667174,Red,Medium
50.395237320905466,31.742456151947778,49.81378639612503,7.07836699477096,62.53283483529693,1.1391899119785034,0.9993695358777592,Black,Medium
34.234996632140614,44.99725929696945,70.52769052871888,6.302332889622887,17.720530299279986,0.6284624960212425,1.0910125295436468,Sandy,Medium
27.588527602008313,26.069346847638712,25.84453439248422,5.952407631215795,43.897545178446244,1.009137243868832,0.48458329510312576,Clay,Low
42.3766270150559,51.77444404460871,51.253901727459485,7.043904452689904,47.484880172936684,0.9288543656688127,0.8224162363681282,Black,Medium
94.10480148558848,30.039375763773574,64.55608869478152,8.504064413434241,59.22064079595057,0.9437989494716441,1.7800536879183122,Silty,High
21.914404903097246,26.658815438333882,17.138182597511882,5.903779497161191,35.42195285724256,0.6944683945403568,0.44619266496040716,Black,Low
65.98103224641432,23.481228846879823,24.53689847803749,6.89155209831398,60.003843129222474,1.247242474159024,0.9097002413159685,Clay,Medium
51.271069971927346,29.300255880895023,40.2573042529352,7.695851288659839,25.18028701545481,1.0999364312887396,0.45059570592278214,Red,Medium
74.32745029691625,24.80960384648171,81.64706159163424,6.557965744027024,34.71031754670383,2.4631423177502225,1.6518017298369019,Black,High
83.92116277154231,72.59419269254116,94.91813736544157,7.920211832588063,49.760011171012586,1.7845648383502672,1.3730645204016,Silty,High
59.509770553932384,58.00291008577328,56.84715738857045,7.578730465153406,48.19497676154446,1.1136414033658242,0.9038797058178145,Black,Medium
69.37043799812146,48.0957657715317,32.1067242129518,7.174399043643092,50.35125792785508,1.199214532475727,0.9212481006757139,Clay,Medium
45.858202457637475,48.5117819483213,47.71295407711909,6.899347417975626,32.40076401139774,1.2780781625691602,0.9233614831050926,Sandy,Medium
63.88412115688126,71.33037163086223,72.59025789268168,5.177598238653967,84.55750136600442,1.677636793275916,1.6451687560454795,Clay,High
55.27530697632848,45.96850036450813,36.553092784718466,5.605722553732848,43.64201895522271,1.43778220786364,0.527207004425032,Black,Medium
36.423018419078026,28.685513857876884,21.71827517671801,5.856816548518415,41.31827319638357,0.9832906858294941,0.6503293634283794,Sandy,Medium
59.605636384107434,44.43671477780755,92.59772083036484,7.090314137127526,49.34131067056455,1.3078752679233208,1.6288606017117766,Sandy,High
44.13611077331147,33.9917251043433,32.16511867380083,6.355451957880005,41.457486892878364,1.0336502749448166,1.085633506228464,Sandy,Medium
22.700654800829827,23.314338416445086,15.148115510729884,5.512048106216182,32.6154473414648,0.3275725491307134,0.24776939168166362,Clay,Low
115.80708187796623,46.80909234999126,72.6592832181039,9.053409050716418,48.25397231937737,0.9029179100420939,1.6102452367604254,Loamy,High
22.164117795555025,13.31265431638732,23.681627809553163,4.43462465496998,25.380539209050244,0.5023645426988547,0.23850440047063284,Sandy,Low
10.28303022351094,14.619512137610029,24.406761938931922,4.8203157408881,27.286235070682753,0.6182683187789034,0.30196617676218346,Black,Low
64.47905899727243,27.891815685850066,49.82237877773248,6.208306275652283,45.347263326415856,1.135787087488781,0.9319050994639817,Sandy,Medium
107.65727486618019,53.95151283722816,83.93015689788533,6.027740172444719,42.68799092621044,1.7592909879097087,0.758186518191032,Red,High
40.155264889100536,2.7218967540297534,8.20503204086102,4.377577428386895,29.3668014028904,0.4322279714449098,0.6718445487052958,Loamy,Low
54.33008502950216,37.3255275468331,33.6562117362395,7.08576828284529,32.655468947689585,1.200613098170669,1.0809513504661428,Silty,Medium
49.180591056608385,37.40340899140641,10.627957514671113,6.64180657478837,44.63975202592231,1.1217738792994831,0.975437152837522,Black,Medium
47.74805497612219,33.74311032488907,45.37920693897215,6.529535493828055,65.48911996370536,0.7115761828623214,0.8586541003562669,Clay,Medium
24.246216049004875,34.97611348858059,40.673003773955834,6.103431692421516,35.14230996142693,1.0789617423478401,1.2250762351739188,Black,Medium
56.96130859672991,78.18385601279341,66.66282118282535,6.8769248456870935,56.763821765618886,1.5640108692848418,1.184157818947958,Black,High
110.84141841948511,42.05887055090819,78.36118564898698,6.151629504600262,38.907220694999125,2.1281945854191444,1.574825997060194,Loamy,High
24.16546692597815,23.998124429264987,27.406456410829183,4.824453770092068,13.809281798818354,0.6567960559128995,0.6142217350625003,Black,Low
59.731344102543005,36.64695864647062,53.001779158788004,7.0975803997752065,42.18638714852326,0.5299998851435883,0.7026257043497665,Clay,Medium
18.36552343756594,3.4291972646028928,38.52647554550939,5.677999548997716,37.698959812747646,0.7522540928270737,0.5238075050778123,Loamy,Low
42.46660592727851,28.29679198948663,75.61688905298,6.844729625039554,36.39095523340451,0.8717192257999072,0.5976088380716101,Sandy,Medium
31.511939758847124,26.527821037945074,27.332453986254926,5.1661289942737465,30.10802084856015,0.6077449640965131,0.3161942719930496,Black,Low
108.08813517409796,52.48048714240781,55.427259689875626,6.4353321628246425,85.46139711095158,2.261480455959152,1.4068921699050319,Clay,High
41.70302200078963,30.144245655196478,61.201419233571045,7.099422143135252,34.21708184859036,0.8320104769529127,0.8439144736189501,Black,Medium
21.350957368496093,36.06166233527555,27.487480021122224,5.892535205179564,41.626858983229106,0.8238474969689327,0.7025648932749741,Silty,Medium
9.912968766604322,24.23895690018221,28.528721671488803,5.690222017015868,14.592655037359181,0.5917403566201962,0.5416761940452461,Silty,Low
26.100905730003422,17.069866837517075,39.421506585682636,6.4471472259088,13.356436066697992,1.1185424813747176,0.2552593701924017,Loamy,Low
12.940770454076507,21.94614235071279,19.92466255733936,5.488031003242673,29.07605072142563,0.6456971811910874,0.43357191776629117,Sandy,Low
69.5370277289149,41.74741695025132,52.78176073185065,5.633597435705398,33.45684662321831,0.7796833570241894,0.6834192951502704,Red,Medium
49.51791536748159,48.740109207067874,60.42163272518155,6.594719133120432,36.13729874148352,1.4226129948306618,0.8065761827737501,Loamy,Medium
22.264344718327745,10.88167738962242,6.944966266531789,5.5430078264901015,22.165989461033796,1.5051449939510853,0.22450675512975377,Black,Low
42.822448268640244,18.516717255545775,26.722424201872744,3.809516807778903,23.224884543082332,0.26233222500698394,0.1,Silty,Low
1.3288961622852327,7.42243227130041,15.628062059865819,4.518099914834246,33.96408502207068,0.5933392460565952,0.5808837742683822,Silty,Low
82.96163199981892,58.24853661143338,76.18421923070706,7.027491027651924,56.836473971078036,1.5603741355772964,1.0210836484676096,Silty,High
24.965833085063288,12.694609994905882,15.815306987429482,4.252720890552048,39.788413412371995,0.6466418888251548,0.26469599647681136,Black,Low
25.36655137231168,44.23344518141046,37.55483612520664,6.072880727832969,41.844744219771115,1.0342214134696277,0.8244082039905886,Sandy,Medium
90.12243847895385,47.21014386033586,98.20678354447146,6.898992250201899,36.897883150595426,2.1091063486681367,1.7944873818328642,Clay,High
14.782637960803902,25.29721916781423,15.158060062896173,5.2570025795918465,17.270475712602675,0.43839673971377774,0.2982755944745492,Black,Low
64.81150594671449,36.04501702263903,27.794942983335375,6.150688452840225,37.04660220468729,1.2109027270083472,1.0792006676197805,Silty,Medium
8.167470043368333,13.563419120569403,61.0595237369865,6.078996048544141,36.99130458081865,1.4427980880308702,1.098335188007432,Silty,Medium
77.13193817872052,52.150583020616246,78.7980652516194,8.340042553187647,67.49207651508395,2.4059186326517272,1.5773956305396482,Black,High
45.39542392839765,5.322952846499575,18.461965496170258,5.585505910785052,58.6596401922843,1.1219194513463813,0.860560675578646,Clay,Medium
57.61820770280376,53.61593304142787,72.87096836502104,6.237354195115499,62.368247686078234,1.0280212796845751,1.6447737408370078,Loamy,High
51.48041081732072,44.30858921939102,43.36036557210615,6.375404934191576,38.9916480013359,0.9857371788098832,0.8899597127710904,Loamy,Medium
56.10861627759189,43.020380875187485,72.59921828086604,6.350911020548598,90.0,1.994775691964544,1.6826650024750367,Black,High
56.57271856709461,47.74098371384989,78.50541020589074,8.32740344786388,64.88577610979152,2.7373950620412715,1.4294041508568176,Black,High
25.35053560964439,37.12178168521443,16.14603797085877,4.563476716061631,17.89947150310966,1.079445921173937,0.5675005630712215,Silty,Low
92.88368995426141,81.52578459925826,43.23467467616142,6.661175902517171,62.705688649792464,0.9930007345355615,1.5468916173383143,Clay,High
34.13594325485219,36.87817547463689,17.467563081723917,4.805192912139991,31.18664169723996,0.7569393647160183,0.317991655444173,Loamy,Low
49.93007709601137,10.507989106946972,29.2952984063707,7.600988691061769,45.74082545725118,0.5770729765510602,0.7825098754083039,Sandy,Medium
17.207164791121485,23.88586688224131,7.417366051412106,4.511335602930679,29.456601793770503,0.39683176054487357,0.5229346528746077,Sandy,Low
69.46533791003955,38.35500401864212,45.669340877139106,6.323293117947224,35.981786166741976,0.9284004222680634,1.0971352876336893,Silty,Medium
36.25261072360842,27.585282023580753,46.410203567311164,6.101188802255323,58.04247612436861,1.2618125661761683,1.0155762996890225,Clay,Medium
15.723370294372442,10.771724427389822,22.266513758941933,4.78417724993241,18.616732730390574,0.4967927632781777,0.334587671948573,Black,Low
19.372631460973643,27.42760680254665,22.99238041249239,6.830266353238828,28.534573674176844,0.36030737140404767,0.4207439188778759,Sandy,Low
48.843824584449266,11.237436280179452,29.590460581777357,5.245425418329886,14.289022574293824,0.7049677077027432,0.6481722409447028,Loamy,Low
24.865658355060788,4.197165903938371,8.411935403156635,5.833620704332076,28.376135132716737,0.28943150605695245,0.4613028656025173,Clay,Low
97.78652051349806,39.999876953414294,53.51415659709068,6.757125113216622,74.60232727972667,2.2200273266257367,1.0637827182987456,Red,High
17.374434771825502,32.6096747752544,9.662289745802717,6.029935167554211,23.435138931812762,1.003179149150704,0.5264377311934472,Loamy,Low
29.749974201416595,26.421155340924493,20.292844082755373,5.131260796674426,33.825177293796585,0.4413052979860774,0.18716912531909236,Sandy,Low
28.586319374668314,27.72385933198155,40.87580666578253,5.6456705945400145,32.87290761036364,0.8396583991629535,0.29998484696276595,Black,Low
32.020118228676616,36.66903912799825,46.226159679016924,6.9501219876072104,52.55334197070937,1.0227932813971585,0.9424556664490619,Silty,Medium
91.257827904448,43.833978362390965,73.91529481022609,7.5015759167574085,53.29414143506136,1.7217694815769955,1.0753912973037794,Loamy,High
38.32658320975882,26.52548139776038,26.37433854227337,6.480537166360669,31.48044819843402,1.4222901967742694,0.3790447052346203,Clay,Low
45.63555337695667,37.09558116066336,54.027379134634934,6.308866885557533,67.32063816541145,1.021744785390038,0.8795067849442437,Loamy,Medium
24.52570057109698,13.922127095219809,13.235255918516362,6.691424991196492,27.365227498209645,0.17032349901249577,0.29432013724813694,Red,Low
32.013337358781335,22.438372173802506,30.54276006954178,4.648597785353869,33.40440443501545,0.3716948743361534,0.30846426305747787,Black,Low
37.706304377438094,23.5088936078311,33.84331906975943,5.127519146217007,37.768076988651465,0.1167486514629471,0.5753557532481639,Black,Low
31.582277377575192,21.040186392388904,11.129448454631135,4.051372157226267,25.624993338750812,0.7473613681562687,0.5442164547315711,Clay,Low
40.428229024946575,29.06964433706503,27.655390029768174,5.262358587087894,36.13797644310935,0.9758761508675017,0.5602692452542319,Loamy,Medium
37.644080977559966,7.58576210069192,18.935542415894606,5.81732971362554,25.817316096361907,0.3823192741939795,0.6294292465751652,Loamy,Low
50.62256378191026,29.228708817991794,49.75628636717036,6.65635961107683,52.42553446682672,0.6283970709123956,0.8290653346919563,Sandy,Medium
63.26637026623656,21.723028861114067,56.20372457885427,6.773063017736334,30.196899116404644,1.31247884764415,1.3115004777755008,Silty,Medium
81.31913052676968,30.73893112366086,38.4940727813196,7.129573839480983,60.8207885594515,1.500100877936864,1.232430928488771,Clay,High
49.05425510476688,62.618194030058035,44.755879251805645,6.496010141747654,73.46548699250769,0.9987031042456181,1.4935331324061878,Sandy,High
69.55724011524588,41.15409943683524,60.400906749223175,5.478725173273635,59.36391648089558,0.8330304787314647,0.8770991884257384,Black,Medium
31.33634814756539,21.93739261299042,12.561900214752768,3.9888890989372787,38.72348679961769,0.5646002986045398,0.6268878313724071,Red,Low
36.62742649104517,15.939257230073814,24.420034574210213,4.460907264061763,46.44301710233691,0.3096244421960328,0.35926264426088855,Red,Low
61.15635345826084,58.62727340022633,93.79056763947985,6.458584055375661,67.13685664741243,0.5452371378638068,1.2390998238642446,Silty,High
89.98094807761075,49.432588457266405,65.1603602065026,6.560526412689836,33.373254300348606,0.9796525561341412,1.5191061761136606,Sandy,High
39.73895440614871,28.6030793808126,71.41580864824867,7.014883012397096,39.313953675362804,1.6096249309615982,0.6570865194897536,Black,Medium
66.40524029628146,28.53252989981916,31.657949108704763,6.226285109538949,55.24750577543969,0.9137960367602063,0.9418697713189712,Clay,Medium
32.82409633324494,21.537776496292796,20.39076945292065,4.791032381343835,31.515407957652663,0.6520608983280878,0.7911238474916895,Silty,Low
97.35954731305397,38.67554324444629,49.81572213574043,6.963212059457324,37.95949726121388,0.9311856403447852,0.7086427613276864,Clay,Medium
49.21320700446082,36.591685141030375,57.049455441781575,6.806899767324779,44.05934796350503,0.7490014709365332,1.0697604409637014,Red,Medium
22.55530667200891,20.483571117902144,28.788297171210314,5.507588204599526,32.83906001175473,0.6604594075261254,0.4315446244280676,Red,Low
77.77471217917493,54.26587661296151,67.44513199970257,5.202984386000876,56.832716645917394,1.7236063742974437,1.1712164022664038,Loamy,High
34.73668500722186,15.091535646536677,39.8219625099599,7.011291524401432,66.25063647383966,1.184638471728422,0.49698197282885354,Silty,Medium
56.10615009730447,34.95350228615951,50.471654635314486,5.666360842831391,46.77931705060891,1.0760968489328386,1.001647609726805,Loamy,Medium
8.738917118826556,26.163918356644484,41.47772341278223,5.584332393466045,47.98734580279182,1.1198596444637032,0.32297294693292544,Black,Medium
15.788434561320699,21.88551167352412,8.181487522713345,5.121004576971658,27.16836671113494,0.5927444523880793,0.4424455099772424,Silty,Low
51.3176071015482,45.82558285270893,67.8675218571266,6.352576847520795,78.54308570923703,1.8043090238814457,0.9797964370617371,Clay,High
84.0165088572778,58.548386063544186,98.05406611189007,6.297981593996923,68.37015068724378,2.1420281457371413,1.2434415714237717,Clay,High
43.82664705515175,21.18927346010419,23.28071982651466,5.763456926663531,33.434899350802546,1.1251359635878844,0.9522402042311446,Loamy,Medium
47.836341910990065,12.559330716762112,41.87471265758844,6.719185520561877,55.899254675369235,0.883303050591127,1.0514080693160544,Black,Medium
63.35458985020602,51.38233351419572,49.921183858204344,6.36772609077279,19.657795041733497,0.34326588318695617,0.8484700981170912,Loamy,Medium
60.88329635695764,58.21250349951796,69.84210188012496,7.439975310418796,63.77582967916511,2.2159256347004415,1.2522383282736678,Red,High
63.431182399171306,93.40226434572625,74.00411965066777,7.242746327553906,68.82624766164376,2.4883973196392897,1.4719020752683298,Silty,High
111.0694076953501,49.227447887769756,69.71448116542918,5.748671425042261,68.84062623561064,1.426422798171628,1.2780474986381727,Silty,High
122.64520600291179,54.65118438300638,69.02364338190168,6.563901330285437,76.37808178953622,1.5618536544599815,1.1320255630992042,Silty,High
43.38721447493361,32.58469462106616,25.024270621868087,6.963352276098534,69.29040327018242,1.1663676118399375,1.141595816860407,Silty,Medium
15.625240831936715,16.177875635349256,31.594326250877558,5.171274429172309,15.873589773987785,0.24527161760512706,0.1713904923316607,Black,Low
85.0223125705067,47.98704068400234,21.24817761024723,7.536860750455828,57.236805004175764,0.48641001634137265,0.7532956443236904,Silty,Medium
54.54537499415068,62.55039018114672,33.799990462710596,6.69946004181851,86.00865056246471,1.9468071504155477,1.1102974860106551,Clay,High
35.25337916731429,28.4803175429356,29.743424284463874,5.856962355756002,41.808575843300396,0.6654486383982666,0.43611161995748654,Clay,Low
36.71501585888306,31.691711140635455,46.89742591522915,7.250544075267274,45.49843326549385,1.2510428872632993,1.0574494444150666,Red,Medium
94.89380422740368,50.59060741585194,89.15417430525562,7.472259004439339,46.52371118905138,1.7678403539046155,1.7114714053106863,Loamy,High
60.734061403826324,21.597148109189394,55.141344929618384,5.2849318783723,38.492510723183244,1.527260268297909,0.8984863838678387,Black,Medium
59.143376339923,32.338985274693556,48.5660362310442,6.9254548213761105,37.271587112090415,1.1545211059996885,0.7513009971865363,Black,Medium
41.52026008099406,21.077786516681872,7.764116985986108,4.021751936906112,32.34376431876146,1.0199406354770855,0.3863835357352165,Clay,Low
55.32565663977457,38.18375503630483,27.971353888345167,7.150018337399807,47.018513419042726,1.3781776191349304,0.6408826039630551,Clay,Medium
42.600501563916076,37.449997123947725,40.80323509768989,5.880752197566977,58.73922053417482,1.011748687926746,0.6526097560894011,Sandy,Medium
40.11713832478155,19.968468919714432,62.046284626466495,5.0367202994820754,57.12227096291849,1.0490199674736989,0.7734597473222836,Black,Medium
66.47313646342184,64.04815852250088,76.79532146924393,5.769550686418766,59.79163171346339,2.7361646238416983,1.7194465435087951,Black,High
32.95450418930608,38.39667592701477,54.21033084631031,6.980566386654978,55.41945146425502,1.0589789237742593,0.8040692854572803,Loamy,Medium
29.736059433846858,19.48842274921751,26.57575842824816,4.163719414694974,36.4501668931506,1.0130908227089865,0.434121023540024,Silty,Low
56.944037697371215,55.35570727181371,31.71622685960131,6.562565546715124,36.40411093242827,0.7858985837465015,0.8090901322659733,Loamy,Medium
50.88643591006348,28.857458046741662,73.91286639966222,6.057956414936384,35.231732124914835,0.33401366930110554,1.1271401452338434,Sandy,Medium
50.49202646138966,6.883813182254993,35.581708074791095,5.1490948628562885,42.62832242816153,0.14196817419381674,0.6842547280797535,Clay,Low
95.90225375322242,43.28306578540851,64.60185449376209,6.482899847737143,37.91453779802639,2.474326281078497,1.5836462119711185,Black,High
29.830233175393005,15.87567620296611,24.282739620810304,4.660695931152279,21.16574843912364,0.7724979726456982,0.40850329467759133,Silty,Low
64.47843919299015,75.44780260630934,78.09280262633632,7.25201815423371,77.47780882528295,1.4258255565847664,1.2143690734841195,Red,High
31.348055409350106,31.90653884915488,60.03655349452189,6.326275663713675,29.847264065860145,0.4832481765005195,1.1862507329246197,Red,Medium
77.52016470205994,33.31769143955735,90.76952239218592,6.546252356172574,79.77621986059948,1.7216937200678724,1.6502689528791632,Loamy,High
100.06465325738152,64.06730264523671,85.7699227660347,7.21314102946444,58.972940690497396,3.0053790845527213,0.9960576441731478,Black,High
87.40686246419561,47.98738295747698,73.0359408894334,6.7480416733173305,46.40677134610419,1.9425736346597777,0.9418417067515574,Clay,High
52.02237420578895,38.36671676221523,50.32037650525491,6.853736565615756,25.546003558558198,0.6175322106556453,1.2541747160990075,Clay,Medium
17.705938715208664,18.637381914140516,14.667457977264059,5.493078808233751,35.13187011394703,0.47014791793093763,0.23096901845747214,Clay,Low
31.292639246705814,37.702291463329225,75.51781890844279,7.48013604100961,61.17459559985755,1.0537223041725272,0.3934744220592244,Clay,Medium
67.2048783975044,44.21047062570335,65.34959238905566,5.944158367038101,46.05200645082873,1.6788008894318027,1.0003717526918299,Silty,High
39.5009435816479,38.745962352179156,41.21449171405571,6.2571424256849175,53.163350767706596,0.9073881175301179,0.758784170939422,Loamy,Medium
42.69626864676161,33.88668553182574,34.61851724320006,5.71145356546838,49.70679302124152,0.8667860950107091,0.9201656564516467,Sandy,Medium
52.73925241303926,40.66053079905046,60.74343564550075,7.128982404152518,44.790665008648155,1.6393173827671816,0.8702613499811106,Black,Medium
55.95210731974679,24.906728107246483,57.65783106615171,8.676235515926113,41.502459102519,1.1655580975529813,0.7218348418436022,Black,Medium
36.970492063002645,12.616231858180281,16.259195266336388,3.988755023388089,20.181494479119774,0.1,0.5337248458581472,Sandy,Low
21.785410842054333,42.89999630872707,35.27690049283812,7.439477544442832,38.3540862838686,0.6083642346201326,0.7808493377359489,Sandy,Medium
48.361269907909495,27.536028269269238,41.61402076425354,5.382515852399292,50.76437922752776,0.4139820218465269,0.7222932800395866,Silty,Medium
32.49352630285029,17.479634618249527,32.69746180985517,5.7472894377388535,34.46141004247674,0.7426109865552504,0.5550762397926439,Silty,Low
9.646716295399985,21.36289700674099,26.460892308314286,5.863330393796995,18.57310852459236,0.24196523661878466,0.5027820479353986,Sandy,Low
58.00173062006705,12.623347935121501,32.65692137751948,7.481345098288086,67.89854821368539,0.5853030894584115,0.7475338617692072,Loamy,Medium
43.76975635526136,14.057048417404788,16.23115976966722,6.184107890924003,29.402361489555513,0.7903943875732227,0.15411426627976305,Clay,Low
7.434657387273166,9.556529752354365,29.392013551522634,5.065066226239301,30.026015705806685,0.3879421028788209,0.3802819068165691,Clay,Low
67.72665930338819,4.370789663431284,34.01886590884628,6.266185914001156,44.81364260845257,1.0710128727580175,0.8788588629478418,Red,Medium
78.08997020528999,70.08239289751839,61.91666038085943,6.84347394917044,64.38344878197947,2.8264168686567266,1.1659136876938323,Black,High
71.71167045224036,32.29870308510287,45.61850947618674,6.136757062361427,42.930122389089014,1.4475263498076598,0.870822194996213,Black,Medium
15.35760914887242,35.14757459821584,21.143917021824418,4.557659603095147,44.31099165589298,0.7051608620208629,0.5240678850356139,Black,Low
19.345352563143432,16.643309020021675,7.172618297013733,5.0384508134060715,29.66429769338356,0.7712889408980008,0.4354798317009388,Sandy,Low
82.41557687157028,42.530028584835435,34.26933267429693,6.872885211544446,33.38625501119081,0.43508619530875414,0.7433587400885041,Sandy,Medium
39.17892535814559,37.911769932459094,68.16536901091767,6.532644141609942,60.41929187240927,0.9518714420243234,1.4499518495949242,Sandy,High
7.126658871838519,9.2595658369327,27.691078833350122,6.264963276048347,33.15043036116171,0.7861030810125287,0.4231566423011505,Black,Low
44.15778642816993,19.668993080205958,31.521028425345296,6.721399135455798,32.52186421494446,1.25503944242041,0.5335989945113584,Black,Medium
74.5058485384103,36.56090785136971,58.829394715929695,5.7954826268598465,46.67372008293001,0.6556738525651165,0.7290068465962279,Silty,Medium
18.015559572441468,8.27597712923444,6.864826763473472,3.5,19.436535364965422,0.6705985352012427,0.13227026423760907,Loamy,Low
70.27007900303492,58.4946441283077,78.27707434400791,7.496273516803153,42.20991500209522,1.602954934442214,0.7968963645348501,Loamy,High
26.4819957757504,22.7621830479779,31.512789741901944,4.994564753876828,62.23112691707854,1.6767343703250486,0.7153351937512241,Red,Medium
48.094260503646375,29.519980345224116,36.184446483678265,6.577100203180983,50.74207771378583,1.0469249773813702,0.7504525281669328,Silty,Medium
60.14719638231115,33.137651353636834,54.6602902980158,7.032060439577785,32.41151779200677,0.5924960050494996,0.6537810418770837,Clay,Medium
77.42252642699218,69.38857591299436,74.34378907857469,7.087784623686033,69.83683843002679,1.5178283861509763,1.2690682697625613,Sandy,High
51.68917836522685,29.652253345902864,33.946120894668205,6.962420367236329,68.1459592823628,1.065699108709767,1.1077414372315644,Clay,Medium
82.19810175791127,46.45140351347497,106.14177660770997,6.56680956535691,56.699499969142366,1.710904087642072,0.6892121532127676,Red,High
88.29172747446094,45.194765030941156,54.737997395195656,8.07857307286296,71.4809764911364,1.5337087986461437,1.122567146469173,Sandy,High
63.104537619427106,39.378169163681946,58.11112949143668,5.96875110838373,41.67183345893906,1.7921491212966403,1.3156867626501625,Loamy,High
35.52366405143929,36.25710648585598,47.75255095129762,6.196929951099574,49.4388027584965,0.9460550048441715,0.8920304409434587,Sandy,Medium
30.115937619247052,24.134904435205392,40.18950068449772,5.500822590056453,51.27908760025197,1.5707860328353236,0.6202262648875869,Black,Medium
30.490630720071188,29.645856119669215,35.71604504986669,6.881516518885154,34.06908772250448,1.0027984992895953,0.7659414297943161,Sandy,Medium
28.785249613248848,25.16174721780944,23.733212565368742,6.667182166490097,44.297874524704184,0.44619333646791626,0.3627550619147275,Silty,Low
38.59169311318904,48.5789216541688,48.33920626212301,6.340960443539353,54.2434440132498,1.4668489650107177,0.8576101774812511,Red,Medium
58.03349372403802,29.469221755779053,44.06223738390824,6.556304732751039,45.307579801733816,0.4344160357746127,0.4806533862836567,Sandy,Medium
36.56418491181852,25.91793584630247,51.61652770508005,6.2648566749402095,48.35673526012226,0.5827089769873215,0.718438715357392,Silty,Medium
40.40681874899347,34.77828625017509,70.38617424178798,6.38592165659549,37.68175664629065,0.8978712831913519,0.8402789636559033,Loamy,Medium
25.65509829255848,6.452425624505283,11.373695249140487,4.9954653340499515,28.34732029977563,0.3841145740335999,0.3881375545062413,Silty,Low
50.41261223638318,37.390135258280786,37.50079638279295,6.857676578878786,50.50876357134828,1.2097451009539457,0.9769613017377873,Loamy,Medium
43.36577645686894,35.69433149748915,56.76210714141832,5.878340344477765,34.613195990073855,0.8035435355080868,0.9113615318583997,Sandy,Medium
50.496019612339445,8.631918728361821,41.36487212889488,6.274145733721228,44.07648468612377,1.3747742823731803,0.5525243743280474,Silty,Medium
30.75608403361332,50.10319667397575,61.66970313398399,6.183379719647203,76.39980541328887,2.0614593593815247,1.2717998827948451,Red,High
82.60484280328296,42.54421945514159,44.5940232762719,6.502816955493886,71.81036702324391,3.187375499529717,1.2672508969330532,Black,High
12.965382708873648,23.76057752067148,3.353839476157315,5.265831908144085,38.177116062629125,0.6247070687758873,0.3804608990510596,Red,Low
67.43752316278817,84.70011886404538,62.37312992623174,7.294249987588722,30.55801432495571,2.23611777076799,1.661253848503283,Red,High
94.17542069475518,61.81921254250588,57.71546288574841,7.392410074895406,51.48780389165678,1.444322092068963,1.5655440800994436,Loamy,High
38.652267363824016,25.898437372965606,52.79167479758589,5.600012175351683,56.314217868643205,1.3384216092369285,0.8005860009355179,Clay,Medium
47.13103728816332,30.647588389066943,32.27304522641772,7.213741878096164,36.801754636253555,1.0549315453145178,0.8043104652322943,Loamy,Medium
41.21159462944807,19.613260341075843,11.99934624496474,5.313729801144084,28.53885968405455,1.6187653638463244,0.47132229144160903,Black,Low
111.40055835574208,29.919023277374173,69.50912250209755,8.347186219404447,60.4894093033232,0.9720135612478069,1.1391429699650326,Red,High
66.22287780974965,47.07099674146329,59.04479566160299,6.936074971822652,79.39654972820249,2.1420176653756515,1.377683410990556,Red,High
29.52295658506074,38.86577223335139,27.85434682480527,6.219546383145117,55.607781996742226,0.6939428535859602,0.59466228644105,Clay,Medium
68.98430032662012,39.67758778247607,49.37226705389697,5.803044197154361,33.14911604986577,0.9560842482015067,0.9101858286957247,Black,Medium
18.40156822839804,24.357552689057467,58.45409061927387,6.463372038243312,28.99589304276417,1.6567463544794454,0.8136328188907518,Silty,Medium
21.956449872237954,12.179410545428846,42.216749850659404,5.802244108732425,38.21937201108676,0.6583094060123706,0.23940286973489677,Loamy,Low
38.50987747181201,38.28312406643653,24.327321134425173,4.576620402702705,49.81949443183738,0.7072702198415275,0.38238313431459986,Red,Medium
106.35955696473718,50.397549606280585,68.14152490715114,7.698935631105522,85.77818396879626,1.7735150978262553,1.2595697604028808,Clay,High
60.86202112446131,31.536159137876062,46.81487476509258,7.503865863803511,60.514248429314634,1.3118678064369917,1.1982039954050443,Black,Medium
93.850308870711,99.79436571100425,53.812318088628395,6.279589273004393,67.44437176660712,2.240205962701412,1.7960389155690053,Black,High
86.94459852153481,70.27448206554794,79.27436531553036,6.035103292268112,72.27077802147413,1.7730531769219793,1.4178836655413056,Sandy,High
24.12855003395217,23.126281074021136,21.311348529449777,4.506032517253151,21.855773577930968,0.38704288100073286,0.4599838036589013,Clay,Low
87.30687586577498,61.011383869645556,57.96286518532994,8.219094151510813,58.51975924838283,1.5179606663917662,1.3850681464530867,Loamy,High
98.51659773488319,29.67609299313045,85.88118715093049,8.260022909723222,64.06073028128623,2.077719953043717,1.5633443837582874,Clay,High
64.97602183881173,66.14885728736654,62.98778120570019,6.470157936000139,51.60862596377534,2.2126941883941806,1.5742313347183539,Black,High
12.117593461166724,21.156795370964325,39.44116413394269,5.375607499520078,23.517931044138727,0.5631073216352546,0.37689024559438566,Sandy,Low
36.66465430887578,48.49293728670992,13.529504990052036,7.038287360223416,40.435060746429556,0.8268977805645161,1.1923093343459188,Silty,Medium
24.565663371885165,21.310779086497906,16.581442177071306,3.99829874862488,21.343018191182345,0.8275201255514846,0.43345982204439204,Loamy,Low
23.124366721096585,12.724018430613842,37.775694498754106,4.968265700064244,25.56630120472873,0.7830741679252815,0.28997513540387065,Silty,Low
52.00432166541088,35.85572482693536,69.10002907274585,6.668998597081897,17.463352446990395,1.0478896830294682,0.8283335987877117,Silty,Medium
90.41048137591613,60.88985807143918,67.5411473972032,6.578543151600144,69.96957472702022,1.4723260651783097,0.9846478260210307,Red,High
51.458195135386774,16.54773724037096,45.39762098061706,5.653419559448532,45.57316364809585,1.440412115693724,0.9238421050431762,Clay,Medium
45.67286710287623,79.71653237760617,48.929899024929995,8.27570473286448,84.31367868869044,2.2144269167665045,1.0106042613456532,Clay,High
45.11958450391282,30.25140515005884,19.5366739211311,7.297427320787671,40.5240427092669,0.6436479041194632,0.696728008777451,Sandy,Medium
16.168680278760807,0.0,25.071298032082762,5.463372098569775,28.00368175322367,0.2445033099543979,0.43600839736007135,Loamy,Low
17.742322698454227,24.751512567132448,19.111279545193913,4.786493511756477,49.54692515411246,0.7255091991903496,0.4810190118854687,Black,Low
19.439911655995445,0.5087484798627955,30.68740531923558,5.413816794029465,28.208340067865866,0.4870655915592986,0.5525059672069899,Silty,Low
33.81915419371951,55.63579823379546,54.50786638223961,4.452332051608041,27.834860480320295,0.910296297992754,0.7160631533440666,Red,Medium
40.757450768173626,20.500319311860633,25.748163228630915,4.61558953553745,33.50046732460203,0.3429569098914538,0.3689982287326501,Sandy,Low
114.94055719701964,59.94665594650232,88.49510734048678,5.6948373302813415,49.99885338763349,1.2120019069280787,1.320083348346155,Red,High
20.891469988457015,10.480693244332832,8.334037302691577,4.863418818883718,25.344132204113997,0.35545432183401704,0.6984761075036897,Red,Low
37.382449966286096,35.692539121785224,43.33428780492398,5.041902152385502,56.82605370765026,0.7275631343122202,0.9842120083192513,Sandy,Medium
49.362489894723765,23.4646240408431,64.7151799724768,6.6491274779605405,50.40464232017066,1.6289462929577923,1.074395085317785,Black,Medium
69.08641760966633,39.94556609584106,79.6405390980128,7.0535867475750464,43.92333836280227,1.6207274305352843,0.8316485459987419,Loamy,High
25.514039936205045,38.81710242723074,48.53555151240888,7.926358794677506,56.174479473968105,0.8231257232532492,0.9999754205203869,Silty,Medium
57.33028051320176,9.2592537097728,47.909477638872744,5.583789366305264,47.21568466183916,0.7520149111029851,0.9133345902401415,Black,Medium
35.607461573697385,18.05387627281298,13.313571950385338,4.927179900920901,14.901872426849417,0.4939783529034445,0.5261730443367489,Sandy,Low
23.05425968957299,13.393931804494276,23.121137011312243,5.367183374135729,29.46625155571489,0.7807182200495277,0.30894368932414007,Silty,Low
60.61596565825732,34.83973113397828,40.22076031091426,8.007680838705692,36.195896191095045,1.0393799530905243,0.6549518045467309,Red,Medium
41.14640193854169,40.95685762340812,47.092348655318666,5.7472321828034,55.09797060673808,1.066791617331323,0.8674537170549095,Red,Medium
58.89687188159442,35.52326427641705,44.70911999630021,5.887187267209949,66.32519488914991,0.6348740169954359,0.9140799681535439,Loamy,Medium
55.84010035974994,43.70631433535535,52.4829109878108,7.1911185458555495,39.73530728304689,1.1992144257613906,0.6473375696008002,Sandy,High
42.2366997695038,16.631375816749618,57.027312835688704,5.353866481292049,62.23092319397922,0.8432440381961708,1.1723457031369937,Clay,Medium
32.10094408158618,39.66077725746741,40.851462431478,6.2645259943829075,55.14017970713866,0.5803146703912104,0.8400846298785999,Sandy,Medium
33.504280677351936,16.72309865983462,18.11094119147342,3.8828291762353477,21.77005608214981,0.679903084390847,0.39518120599039747,Clay,Low
28.382434019303105,30.40201667544085,46.264531560934614,5.836672049940388,56.8599528304161,0.9780608323871555,0.8838293319595262,Sandy,Medium
9.131665847316897,17.938189751154546,24.66336968934061,4.459811467244254,36.96800286835856,0.2900390296996365,0.5443003172893656,Clay,Low
21.461025560602433,22.36527126717362,50.77652003855793,6.416958914809893,15.312604818212964,1.5080479912829379,0.8500644313758431,Clay,Medium
35.466731110303975,12.579679896744809,14.115478823957854,5.3508468557098245,53.54763074351371,1.0370134518933816,0.4847480698027392,Clay,Low
57.86032649261302,63.01807672012775,56.25482450970355,7.186630260116923,59.04292084110462,1.9105074973879699,1.2830689702018088,Loamy,High
24.05231559273101,23.137223618394103,25.45928348338454,5.0281898376539935,41.77945522737365,0.47578364079135893,0.4987811940347591,Sandy,Low
55.9340946412757,19.863276207085285,60.3660655677107,7.584850973293006,51.66877292241168,1.6291959330866612,1.2916438892576765,Sandy,High
47.27653268606942,40.432388877779246,50.07062077442431,7.297230238180756,25.520352323988664,0.8124775176340526,1.0066735431854708,Red,Medium
47.31673336925621,41.32830205541889,59.866875313058216,6.112270657066155,49.96368774613055,1.5649898144683088,1.2359009785203794,Black,Medium
52.70622234664949,32.40517306358301,50.688758686323474,6.30746172601644,48.27568598826866,0.6326371206407375,1.105352583228055,Loamy,Medium
84.95186521703627,81.87381631844094,67.36077946659904,6.300585767435644,54.83938007466068,2.8760841724761015,0.46254284181831395,Black,High
118.35816579754429,62.272349028882914,50.30424081057248,6.862273816042706,56.58921842299398,1.6442980826242835,1.7650605607903178,Sandy,High
55.55028192327129,25.31922033450853,31.599950048131646,4.9920729024348445,24.496613339395672,0.5448531625301748,0.5608862511058084,Sandy,Medium
32.809570786815435,0.0,34.62036457541905,6.0225122818228645,38.73460614553642,1.6870288845513064,0.6850206369563869,Black,Medium
51.32312438923842,25.23946583203189,43.294608181030796,5.556406174542785,48.04029177105485,0.8791251102128935,0.6121818546978479,Red,Medium
30.695245280235678,15.280428014473735,22.4549304703531,4.83967126555068,21.324090627367262,0.5369190949650794,0.3082178841346726,Red,Low
18.96757443552455,22.535765276669785,14.053406466211403,6.864496084510578,34.971170882874596,0.6664313854708118,0.5631437421732766,Sandy,Low
57.84356588427228,18.1496766007793,60.86199026635387,7.402396717992784,57.57274856945135,1.4525587972851755,1.6198548007475644,Sandy,High
15.664809839619652,9.236850486271706,37.141139230244875,5.170631074602947,23.76770816553865,0.3708653215486917,0.30315783810511365,Silty,Low
30.210849752007785,16.495375575574407,41.65994746814697,5.92565930374368,66.40022079635789,1.1832322154172852,0.8783698896171562,Clay,Medium
55.46497695177892,40.87815313683943,42.873298081779616,7.263299023459368,51.62737631172275,1.3541537145330462,0.7122325141103869,Clay,Medium
88.36717976037045,64.15453688405276,84.92611303981323,7.279967995293696,57.468369442585164,1.6333998892714214,1.4044839153322586,Black,High
105.18848378384114,44.138275764113615,58.663625939343355,8.037871383463198,73.29156519054087,1.5496360915257705,1.3304665987001942,Red,High
0.0,10.748208404212946,22.540687211797902,4.850371966408486,32.471025648304206,0.9492909061290008,0.3621235587622931,Black,Low
22.40714333075416,16.75149199342478,18.082262808469213,6.669286460007689,7.592957390020551,0.42679986324816493,0.4193359753832894,Loamy,Low
34.46216078727467,24.506061429757114,20.522453815114595,4.910528371259414,32.346083456605555,0.564130371561959,0.4058928549373627,Clay,Low
94.14167164469501,36.77635793361992,51.18937761226962,5.326333773464829,82.05474614920666,2.057854792779594,1.3914749044611758,Clay,High
43.809052177614255,13.129192734837138,22.682058071112557,5.69806926247486,22.545826735083995,0.4433256555109344,0.4522509194281573,Clay,Low
43.6699726569379,29.304108271227783,24.680100364945186,4.231260441464183,40.597536108182354,0.16045351800446872,0.7081575222618766,Red,Low
8.252923989177097,29.254432954649772,51.84737385107529,6.210380901568187,49.12206275873059,0.5559941997490491,0.5326838779867263,Sandy,Medium
76.03231297875357,75.45300061617014,54.396681997775076,6.894575084735149,62.88360962512713,1.046179300102845,0.8806715485728165,Red,High
122.62399997373927,62.10977736658335,40.38984279768587,4.100560741392597,71.52969670905694,1.6595903371701564,1.5695544714629035,Silty,High
99.92346926055725,50.59963960901581,61.18263087630295,6.645827086069009,69.05479250528427,1.6939797181049974,1.5227189745726561,Red,High
29.515849644086636,54.746729049244976,36.744395161490644,5.9452463330258025,50.63560336478985,1.1059759395016615,0.7349295986525777,Clay,Medium
52.605224863039595,7.067637951139524,66.57051568409419,6.282169349172355,59.32356800536749,0.6116893411953637,0.7163799425251649,Clay,Medium
72.49495702285125,26.55605032480529,53.0969598432811,5.879663637861444,45.436801451051,0.9990218435013652,1.1024459279024459,Clay,Medium
44.053896686203665,38.774970323339694,55.01439918092628,5.446966871318651,52.4560792940093,0.8538199180079656,0.9649631573450492,Silty,High
87.42889094939717,56.62454741041539,51.95554309953417,5.517523536859748,52.85388754022088,1.9173111348821879,1.4930894983234673,Clay,High
17.886874495252613,18.196398659231903,17.78657469962754,4.959167165553675,50.37127896959813,0.1,0.377758173133993,Loamy,Low
27.40390663628485,25.918778322071248,37.65153802918832,6.221368222356813,30.070335774892445,1.2865878326356093,0.9665832021528916,Clay,Medium
51.248805746492856,23.10615736474004,40.00884007074185,8.122774341736703,52.80614587489369,0.6768659110123866,0.859673774946061,Clay,Medium
31.503200370969417,21.5476455045633,38.6682865736518,7.149575196471361,59.29367178134632,1.261864402260586,0.5782365955700806,Clay,Medium
70.43360029223174,50.102869835784624,75.06173908047919,6.586104586918829,64.93877465832632,2.368945951528219,1.2018795362836407,Silty,High
32.15307074038094,6.262064052105867,9.978629707364759,4.516482881851072,21.451650830672165,0.4983304609343646,0.530635928654728,Silty,Low
38.58744930870783,10.095346320071382,44.84707490500806,6.420616154955994,43.37563053822075,1.2654976714487998,1.0929312401624758,Sandy,Medium
36.60676591885441,27.357057758835822,42.86186471685797,5.779674300791718,52.00557429982142,1.0570726547647114,0.5805722855279676,Silty,Medium
46.48183398254878,53.281199983170424,72.49930329476648,7.775513125292167,64.52634357047647,2.3344168424537224,1.3023997562956604,Clay,High
10.015838872024656,26.98047896119479,32.959841783817694,5.326036461283306,50.35191527721633,0.8818884546977834,0.5430531713063498,Clay,Low
27.433411548690263,14.913289803107027,14.31729994694702,5.2797486470597,11.960468236453908,0.5503372688677496,0.24835725335507516,Sandy,Low
20.262176289060246,15.88465029820237,13.430901272349352,4.987139398173438,48.893795460173536,0.8524143104916737,0.48380621189918216,Silty,Low
67.27634525349207,23.871997795717178,43.070733588413574,4.942433416345536,66.61449236190643,1.7892382961336926,0.8376181774170788,Clay,Medium
61.7422482652325,23.05501917236012,36.03980670002648,6.901261111832803,49.05464950615269,0.8035673673984194,0.6770867608276337,Silty,Medium
34.252205862351886,29.34180500373804,48.07511147906221,6.2575172265442935,29.03789682102178,1.2467193864126618,0.21746148387246655,Silty,Medium
42.07682472713735,34.62996765658556,55.81393586299612,7.301411846608829,37.451141519774076,1.3511696414400534,0.8630800453339214,Black,Medium
54.224497455196015,63.465339521076174,74.23935910716396,6.862150179932323,55.5705005318991,2.047446113479011,0.8130971072959332,Red,High
71.72250646895083,44.51782881106156,74.85996459925673,7.869730688447715,57.53767509612074,2.0278860577688267,1.2639273863244875,Silty,High
47.20822574733416,25.33674096244009,54.055974658257014,6.5877169501638075,26.912203620766984,0.5454506417138312,0.9134305797052659,Black,Medium
89.04082310200648,64.93304209352864,47.66475460151105,5.629616470881434,83.76761187113884,1.8476597288442327,1.1326126161314842,Silty,High
59.188553277733796,70.34983666350436,55.571981542298865,7.568813884218855,56.79182404298985,1.2617929228807279,1.1306355553561356,Red,High
48.064994662287255,31.128688897568257,53.89691295857561,4.890956057613296,67.13548389000609,1.3636449588891983,1.0954495840137057,Clay,Medium
24.475682079680986,40.84352321724987,34.74604685480065,5.078878534061651,29.259282403824905,0.761327473271025,0.6386541741921272,Sandy,Medium
23.068199119935723,9.60192702022552,60.46864920972291,7.123040103521148,33.40843796903431,0.9491001069588381,1.0442915532442911,Loamy,Medium
38.046694894438566,12.883558210293652,21.311784486646285,4.884005715067512,27.272379523289572,0.4264466772590195,0.43311628280912834,Red,Low
14.467295932120216,24.41436727920358,11.236147922337418,4.947236588816978,27.047195272799485,0.6059448670382118,0.1,Loamy,Low
71.51941271643287,27.740185830322304,47.755264668311064,7.931028832054739,42.67194149447598,1.585985958482445,0.8285899188242032,Black,Medium
53.11933743058199,42.326367889301366,35.77362064576339,5.612761181584652,38.33708571547574,0.9799131128972273,0.7714198671789275,Silty,Medium
13.128569329756818,12.12840966708854,6.63760581687146,6.521261093531372,29.74202549209644,0.508122045449903,0.1787624906944113,Sandy,Low
60.14796775060937,32.03284532836861,56.90846749791673,7.9194863044936925,34.635246074872576,0.643373826206991,0.6268936655837131,Red,Medium
42.855137227159396,33.402156308409616,34.20147648563935,7.1120217261945475,37.297060299627624,0.6975816305308001,0.9539337497364364,Sandy,Medium
41.48686792946963,33.11632726081982,53.544264965516916,7.717194460387067,47.72325130825769,0.952795413669824,0.7760321063377525,Sandy,Medium
54.73985319360914,18.392149955577928,40.063164518892826,6.0803350859661665,39.874505595658256,1.394520678362638,0.9255645881184876,Red,Medium
53.966212018977174,33.895266200675856,32.76082618867701,6.409543626557253,51.69544476107792,0.6154470516602922,0.701303956650513,Clay,Medium
31.074851231842768,13.349452144278361,28.257565627960737,4.972544749456038,5.0,0.4844058147979558,0.6142179552256282,Black,Low
73.31828864714728,76.19365699859402,55.83019275183231,6.901934172384918,40.543009790433324,1.9067496635989603,1.226666864440948,Sandy,High
62.583654314327696,24.770168979088016,36.23266491095221,6.524107241873893,38.510547339244724,0.31482700636384187,0.8082870242994028,Red,Medium
43.779099289200985,19.41430110210522,13.143074375820673,4.610957309736282,11.106024121260795,0.30735497660721495,0.6029381764573258,Black,Low
50.52731938206353,28.24844686780692,32.522050237083654,8.047812719471793,43.7350155776275,1.5846889490187512,1.1265742921142134,Silty,Medium
41.34476166785133,27.178933852133234,43.04184363073113,6.097678653608638,81.95486914477772,0.6268316376575723,0.8703733858461657,Red,Medium
29.481079017608952,18.881444622250864,10.551911056934127,5.1745403362218765,31.602590965569348,0.47889931218005677,0.5226361627041765,Sandy,Low
57.61265961674134,33.78424074847181,29.938899777400664,5.919995780231105,39.02798355929192,0.8205629995219473,0.7147667924701331,Sandy,Medium
24.557909620907044,30.415542258479743,26.36401469515634,5.599579452674087,46.22595882897258,0.6261162801881296,0.9035454814697133,Clay,Medium
43.20916768359362,29.884261593267382,50.44915724166893,5.595651765323767,36.60719306083246,1.308949543455887,1.0145213025168132,Red,Medium
4.249934020959007,30.560525436805552,24.92062116583742,5.575245090051854,33.87161779116363,0.5317419579232375,0.37044434177483015,Red,Low
45.13155211922608,42.54663710071624,24.962520265373595,5.966739310564578,79.00242445952614,0.8688804814582417,0.7674895809260348,Clay,Medium
17.901086208435856,16.5151125215436,29.488665360350705,4.610865606829629,37.88611119265221,0.7173350357344855,0.6098920970494729,Loamy,Low
61.65384984674464,26.436269572336656,24.248776244068267,4.486852910142785,29.02940874125859,0.8623184744560082,0.7277162308127283,Loamy,Low
12.187737730748708,21.897294542605362,8.585976219470023,4.058770164633469,32.39158684577239,0.6455678673447401,0.5826078777265449,Silty,Low
60.505375771883976,22.16882156508386,47.01430776216241,5.19430657149241,21.959570447197652,1.4066313755435067,0.654312633365989,Black,Medium
40.40728589378768,39.49342204010829,36.0661192566363,4.923296900298541,53.177278395706644,0.9219611331372097,0.723180417670831,Clay,Medium
50.3835459315327,59.3601958952006,52.083084205683974,7.7174352683405925,73.78515879870896,2.1196300743876777,0.9854309070713672,Clay,High
118.41595443455125,60.72430944113862,53.64126846765708,7.2050446702158615,90.0,1.7430175805019428,1.6593154406302077,Silty,High
78.87194780858137,62.673912885757595,74.35725293220582,6.210250187899955,57.65342582417848,2.4111905722055527,1.5836342275420408,Clay,High
54.153910981161545,29.576808313452474,60.21189126534163,6.97045542548127,34.2105368959889,0.6399093003443266,0.9282246442983879,Loamy,Medium
22.109972628153,26.580266917681556,28.59037144985036,6.030911273892902,9.616175042639702,0.46465240010647063,0.5450439340314972,Sandy,Low
33.15492416635408,33.23867988165908,63.53424762432877,8.018071523731921,32.605694426808554,0.8863737401184578,0.9429355274713093,Sandy,Medium
26.134347344633152,20.429940019610626,37.8757012080642,5.87172656005764,17.4586149216156,0.5687784475290655,0.5806272074120613,Sandy,Low
83.29102145854151,56.80654809506751,69.93984871483269,5.083580322780298,68.26939938473048,1.6180416249511513,0.917794566106084,Clay,High
31.546282703879037,17.76135135244362,15.351966488975737,5.307318709240118,39.91436093317513,0.32152819754873424,0.41913089299021017,Loamy,Low
43.92784006930164,28.277794923977076,42.39404170693959,5.998697154902478,42.886345736238795,1.2216705329014523,0.7487370557357187,Sandy,Medium
72.16771071730939,26.94982863790189,65.77610418714764,6.404258405301686,60.64447923934121,0.9400482699871167,0.8875638397681327,Sandy,Medium
26.83370704960788,25.178891672160194,20.868885690033295,4.878364036456699,27.49217465822227,0.7581943872599328,0.640529061917974,Silty,Low
17.89971222535451,21.034871357336897,36.27532064757255,5.902193215818792,19.579255223584994,0.5205488146102265,0.2524913601558878,Clay,Low
25.145015072745682,15.192481773917908,34.05735015879677,6.629848482060795,48.10415206292018,0.8649876243667679,1.0786507887108236,Sandy,Medium
71.013384613743,29.566951479490793,52.77793171765841,5.341259658589436,46.05948036410884,1.020881231176704,1.0742652282496519,Loamy,Medium
12.093674145795328,22.0439683536662,28.77216536456126,6.001019169755661,22.18473491122463,0.5940274852522478,0.6649622857458696,Sandy,Low
53.14586610055468,43.54362379158117,40.89528336335075,5.431381137979914,51.58392216598436,0.4721178813861384,0.7807626844076014,Sandy,Medium
40.2949392458875,25.469579422893595,45.18698574515733,7.2051123820958,82.2633280087783,0.567441429675659,0.8893752439130471,Clay,Medium
103.37622486413485,43.311998917930985,57.20562850908282,6.114869977768707,61.00941379664255,1.835742990680657,1.385436390210384,Red,High
97.55572300620378,53.25857870871761,95.24653230425871,6.263035098468057,41.17042854443707,2.02285089464773,1.6128667527195941,Black,High
48.8052832132343,23.426182805768235,65.09319760016987,5.5763179240921765,37.295268908461125,1.1210102588252069,0.4116754482249062,Silty,Medium
66.38769714897775,41.48764435933297,42.06651779052356,5.3275017906006354,44.31909470530047,0.6574291064742095,0.9269541682168043,Red,Medium
75.62893809917132,37.089444046081496,55.094904279142234,6.162284210215887,40.26067434390166,1.0921015672450403,0.73497596800228,Silty,Medium
37.89395708037918,39.98950231120119,54.64028090487315,5.611475064826656,54.047371726077046,0.7901792980894176,0.8236311387640681,Loamy,Medium
34.88235957425243,24.366975904177544,40.087903584569666,4.607284461265142,20.141250250074542,0.3466906551451383,0.37418981038680926,Loamy,Low
20.009721949155967,24.27007813918239,24.5241937901004,4.679512360561464,35.89960845362904,0.6935831343577047,0.28166175783754605,Loamy,Low
16.394189006432278,21.002740281937868,35.09036527491706,6.459332941284818,34.65540784768221,0.7959644038852672,0.5504272500518281,Silty,Medium
87.40541468966057,54.173055846673634,43.342832055977695,6.342041702496434,63.509614851042876,1.7449022041736044,1.2709947410371543,Clay,High
55.894443886540095,22.13730442166436,52.1408345035596,6.912241894132589,32.694471292123104,0.9637278214325055,0.784717140092042,Sandy,Medium
55.471389177832386,30.495546078955893,47.90561927822045,5.824731616889231,53.32156604556531,1.1243577715767865,0.8566187456686101,Black,Medium
33.5266301691788,23.16288675929743,19.22873313306604,6.851793806792326,31.453479715038803,1.1877250955624348,0.9016174094867015,Black,Medium
50.957414109748946,51.37308462866524,64.5717761598118,7.189858475221561,50.04991766582607,0.6484680833463867,0.9780967575860317,Silty,Medium
32.165811028001286,12.937252361183067,19.270668871600712,5.2149031520534965,32.462780914938584,0.6384934514704595,0.3157449027855181,Loamy,Low
91.23712557706025,88.84955836632702,75.15873137923806,5.708407114742901,51.9484634810426,1.913829379001407,1.62551237127076,Silty,High
24.632338970662087,20.741503906484862,29.645784512858746,4.665100064562944,14.361853086780753,0.6690874142686966,0.6224632737308229,Red,Low
44.40814032916687,23.696499258015162,56.317108166566626,6.709996678251569,51.88442319282259,1.4006345443983839,0.5879346864499139,Silty,Medium
27.73726683718165,13.485494097910065,31.714501887996953,4.968820545367211,20.074671925028106,0.6429422424540465,0.4506609787452218,Black,Low
92.22292782719671,61.99312859066722,64.98843965932912,6.005186684543867,65.75489857157189,1.560087598328871,1.7231503337234844,Red,High
59.640409072920704,37.16313633222284,42.94449138822588,5.391101014922292,48.61464531855279,1.1176788114245977,0.8704804243778257,Clay,Medium
15.812222481785478,12.53539514232791,35.508566797431584,5.639687112435204,23.48306152080011,0.3954154555611706,0.40151148959851823,Sandy,Low
92.45366184477226,89.48989844539764,78.13971547646268,7.496338335382726,40.07580281952815,1.7956104036394671,1.5940682007606495,Black,High
98.40264089435007,29.126357251327615,78.78437123705915,8.626347955165892,40.37958554609581,2.6654828190990707,0.4738524234247401,Clay,High
82.8270274797552,22.366427165769892,75.13820523583658,7.618325543267378,66.73053104968045,1.9456276075650374,1.1347306885450628,Red,High
38.91267207796196,27.036646833819674,1.1212417039865379,4.039573914952346,19.38629032382394,0.1101487133542125,0.427954185520087,Sandy,Low
54.39493433515265,64.8797984298574,85.37942941475225,6.406656787640667,59.75721418220821,1.057300207470872,1.1569665962396192,Black,High
58.062030592322785,35.68665917553629,40.82787563281195,6.6289559540434535,58.02438391972298,0.9213505780071066,0.8898708759829689,Loamy,Medium
41.651857336326856,38.751676336093645,37.33728866995754,6.708917520793753,46.339064458120546,0.8588195970439569,0.7478085769277346,Silty,Medium
90.65790190323384,57.241655553896486,81.5947240391759,6.421688787923885,86.63998713119668,1.540510901903154,1.0049693001854851,Silty,High
48.32155193540675,75.45679049350379,98.93078607752845,7.440670646596282,50.350845498914865,2.9528789115057963,1.1515186347739363,Black,High
62.542569351693956,57.21213452630053,46.98466712382823,6.0823753603370205,38.65834139848245,0.39590114684281186,0.758708929982635,Silty,Medium
61.581346762497105,33.22338807216446,35.26686534162446,6.5814984144101905,58.153764462344476,1.2950589323291943,0.8566817373193389,Black,Medium
0.0,21.06276567092116,51.37354179039058,4.044138628867707,27.58630545298634,0.6217216348440787,0.3367350934698161,Black,Low
92.44902028710602,59.50013752860222,80.75636097870849,6.638472612637985,90.0,1.7635657121358312,1.3046789875771172,Red,High
70.35804290879696,18.309974646041404,19.920245299214198,6.42585237695006,62.44893408969973,1.1552572423306051,0.7460525874222044,Black,Medium
30.974795349724126,23.290200871064357,3.500942509887898,5.894172714088053,37.65695525892109,0.9501069914536354,0.5250345165300015,Black,Low
34.13106771505262,3.449937847008652,5.989405663784854,4.584794469867159,32.14601407726741,0.6989942622171179,0.478442697581193,Clay,Low
37.0881103530085,11.020919133649656,23.385761100504713,4.506517916594713,31.491633170440057,0.6808421185716681,0.1,Clay,Low
42.4687475933855,54.20106730753251,39.83082595416567,6.506015508662447,40.15461027522847,1.4455975512330017,0.7969033646127063,Loamy,Medium
71.26051444840714,41.802726073996155,43.347823218391135,6.996780266770532,76.46179875313543,1.0452231346398264,0.8456872193319646,Red,Medium
42.41283623947324,29.93850684317173,25.550684610480303,5.452905709888022,39.786399967624355,0.9332189017818732,1.2091983316694264,Silty,Medium
35.910474083484765,24.992214660994733,60.49698419876785,7.301288278903354,51.8983347934133,0.9316559487857193,1.0674852238550214,Clay,Medium
88.3625438542933,35.25891250476603,34.69268624886075,6.72829496213723,40.35989537181583,0.5317652468739756,0.9742279259118635,Silty,Medium
45.14447351696528,28.850407584940992,32.461215306538044,6.280051519625947,43.96176893351232,0.7372268211474865,1.2362771426879133,Clay,Medium
66.13439310291884,41.48139838435786,42.946948623083365,6.618042098377174,42.77163418887208,1.2978469049195975,0.8951719949107961,Black,Medium
30.731220433251213,34.60860762662058,41.54876614631241,4.887702201832994,52.09194122666461,1.2396026336728325,1.376238424545969,Silty,Medium
34.249263512972135,35.295060971357074,46.42781816670026,5.7509629321706015,43.90084141595392,0.356400299933193,1.0238028845233142,Loamy,Medium
25.61878013445723,6.586452629617767,16.694110405922693,4.904286192537731,29.8870915303917,0.7621629644704835,0.6790335150275196,Black,Low
75.13766575909021,39.26678669674967,43.55951365257206,7.207289525004045,58.87611143153988,1.1445697513898105,0.4999819286520573,Silty,Medium
66.65250941067566,64.91469429030259,67.65845729487104,7.923181770105508,71.18826855630809,1.7629212774755414,1.5875513580544802,Sandy,High
20.859642692346288,21.861083995646204,14.924709590445836,3.9456535680485607,27.12528867944164,0.8379368717505403,0.5029335618213234,Silty,Low
74.42835849861152,88.26923855030071,70.84033960827281,6.920232266538363,40.83113597131849,1.7331490807383698,1.1094049638966659,Sandy,High
91.30142990329047,69.8487191409495,62.2049418551203,6.854121721225274,55.09970354695854,1.6229261087059257,1.6849981071783844,Sandy,High
47.72380193893095,25.17755534426449,20.5172066647414,5.680097984290282,47.059402787087734,1.1995072272023042,0.6336404420278345,Black,Low
81.28839546125592,77.43564293379464,74.94030595543123,7.30907868468193,56.40135489550998,1.2498286029559127,1.204602338139703,Sandy,High
79.48959993983715,32.18493734233085,44.63134491093657,5.479389956807801,54.599572797677865,1.3600037536154848,1.1773895261104863,Red,Medium
23.3385085978844,22.22414943755618,24.139651524992143,5.140785071076041,35.142841353503854,0.7164459367365023,0.36705256172779843,Clay,Low
79.31779221874486,62.81601445731021,29.547596617591473,5.392423036499153,34.5141660663022,0.9190134754884335,1.0170717124281965,Loamy,Medium
31.81829101653689,12.463310746973043,18.55877228247381,5.085933816136942,14.157836611281473,0.241285550866577,0.21811810897002137,Loamy,Low
28.69890443429658,22.888489600591544,2.603450101975355,4.061503319763878,36.63215440256495,0.1,0.6404332843679648,Loamy,Low
65.22830750486075,72.80573113314628,119.33057462266392,4.659974527575348,71.03990292218843,0.9405716602906293,1.3694952982209012,Red,High
46.50580475707497,22.971450960389394,53.366493313958,5.241313729623696,54.8096824393064,0.6617799264135562,0.5114080509713202,Sandy,Medium
45.10463584786779,27.77084903450674,13.01854295213565,5.0405071393442755,34.95562492423204,1.0103965555162897,0.4987531884060807,Clay,Low
79.00240825803385,56.489733587917165,88.87347337085319,6.6272014230890175,56.865035473123726,1.4629069904422516,1.0949457569258747,Red,High
40.78331811086741,16.347205915460027,28.044116685560983,3.5,39.965086660417846,0.5486539000846105,0.33334079587970844,Clay,Low
17.669493098938215,1.0090006408931522,30.222479411719373,5.270112292943735,24.174517907269333,0.23049240856209208,0.1554256471007157,Sandy,Low
28.23483124415142,6.9379071512573915,25.576283997422433,5.0626599264272905,38.640436260742305,0.7987391550945773,0.1,Black,Low
62.930411809918326,34.09579761971821,64.98442543402298,7.269873998127011,40.670450066271286,1.9959220951641716,1.4637348773088479,Loamy,High
60.875942319565596,68.36304984212319,43.820437016065526,7.858023414737261,67.03470024306084,1.8921144415709998,0.771735442484269,Clay,High
31.143904223823977,39.74944067612513,27.963078945776225,6.798908693801477,47.06814704414827,0.7568733158503079,1.0080280790280869,Loamy,Medium
110.7731550350072,74.15920394740927,74.23690752861636,6.628487301482239,60.1827147766665,1.7929591298779783,1.4022660294170137,Clay,High
34.33166199855419,37.16920119266819,20.38116764872605,3.992566692193618,16.552552536835872,0.7063757324107781,0.4092456877871201,Red,Low
65.2899767606373,33.13423163757621,35.20995133611261,5.836033168279768,31.63534773492116,1.5468078675744834,0.7987960010171328,Red,Medium
59.460971865340596,40.08965497550415,37.55757040555041,5.558457742416142,48.37664593326296,1.4596078464156856,0.7054390058923775,Clay,Medium
31.489248607895185,31.142785350825463,24.53750478372495,5.550794874971864,37.19275236920322,0.24327630833616876,0.24660022731548203,Loamy,Low
30.68566790893367,44.255062140988905,47.480601099965064,6.205052976454233,14.887401815172776,1.5666430575855856,0.6232601590862177,Red,Medium
37.44151820457159,8.768656792394072,48.34549971131237,5.518994543351014,37.098877928918114,0.613600137726356,0.9910181138023298,Clay,Medium
69.6535863412441,25.457227168197292,46.6258324525616,5.368531842078439,37.78157855445856,0.6354771248125174,0.9221789906489926,Sandy,Medium
66.14375455564779,67.978550664722,67.29463780627525,6.607862793692687,52.78935067135406,1.4648269663681481,1.7378478769349455,Silty,High
86.4922369500241,50.32854398048275,107.13565778300845,8.074509439961783,52.6261925076157,1.585081677024058,1.1900115278561452,Loamy,High
91.77633046723393,74.3292338485504,46.981950255933384,5.88466793661714,55.71893878113501,1.5165458647547114,1.8095704449288608,Silty,High
36.38754587330091,15.885074451892796,18.136865932131858,4.083806210364221,37.81740228047817,0.6378531051541085,0.651479525642091,Loamy,Low
23.968630700183613,25.135180604056764,6.297843779025211,5.615239293616862,26.815539940444523,0.21274164455289035,0.1,Sandy,Low
111.9542596654814,77.44558533437953,81.0546213077937,8.665805097458023,61.441765921562315,2.5204649900279614,1.1236553511062004,Black,High
3.3341815816325635,29.99454236434981,14.583675608619838,4.357433140004508,18.200283183873246,0.4709537352312921,0.7374286159007537,Red,Low
25.426129987166668,29.101072044260896,31.58770675887562,7.1906701929692165,49.43912256752712,0.7590292017860495,0.8359660777300242,Silty,Medium
93.93919030032077,63.37752789283013,25.32932035147364,6.839890189054071,89.08174246776744,2.2569742094154073,0.7328149159423151,Loamy,High
12.783285874894064,31.68881248290296,23.442782822759085,4.562543108187994,30.34157943540789,0.1,0.2247069653778162,Silty,Low
20.938974070442548,30.535729112189678,56.11622886222586,5.029283846881327,48.750194017410074,0.9697923509318009,1.1971636704784525,Red,Medium
42.35877576635903,42.404557284811574,28.083815983407867,6.223293434759314,36.47816988292249,0.7266611649507759,1.0066494187718242,Sandy,Medium
36.22693094560149,24.764494606184563,50.204429483919206,7.5923532912804195,36.02361161443234,1.1922600409429245,0.7775046510735016,Black,Medium
7.740255509046329,29.286102834497633,13.256480991118167,5.8182503791074724,26.64058198986788,0.42166192724132,0.638362185083784,Clay,Low
61.61127244502508,29.825919417179602,43.89958846737332,5.870700486028945,63.670632918595494,0.8458526407407653,1.1467343958863276,Clay,Medium
52.32813702426135,41.34600822719768,48.71501035970248,6.161673348571752,45.63971862629834,1.46177460728073,0.6741725111299247,Black,Medium
56.61669229046055,31.901700887414197,65.69958913392466,6.274769137827924,38.833016705222974,0.7189522908117444,0.5303388856952378,Sandy,Medium
72.38666220521813,69.90161788390182,67.46998305020784,6.463820229345864,77.94495169288574,2.3514943958147496,1.601507089054173,Loamy,High
81.0197771250355,35.65253661200024,40.788475221247054,6.97467836906467,58.08758880829735,0.7785651287215206,0.8682767908963849,Loamy,Medium
32.09798943805665,33.13580003168754,30.627324163391414,5.613135602458551,43.951934958664715,1.2461748819547787,0.7491550216996103,Clay,Medium
12.848073589506503,21.430425742671282,32.3138676195831,5.044557171308392,31.330331275037672,0.6949732806397798,0.1,Clay,Low
145.03771607489728,52.28253290439392,66.09399946053871,7.569246300089715,83.3893246865735,2.1094864946623364,0.6464300739966058,Loamy,High
95.4488209351893,37.835573214195506,79.76020138976762,5.74738147379304,78.02644796049518,1.5582351756339257,1.2707882177137664,Black,High
43.25683107923214,52.30851653073337,45.24148597872437,5.714532500178647,32.257264349359325,0.38848955408016905,0.5447182606250089,Red,Medium
71.79297015155598,75.9876104100662,62.17199256878321,6.685789449408109,47.96550263561572,2.539343914222199,1.8373029719324792,Black,High
76.07675862730603,71.70691785870049,44.84887165719038,7.410015516273978,77.87913860269842,1.7328561020298716,1.404073659863237,Silty,High
43.86733114864551,27.143843657708437,32.96023866711565,7.181571320342971,26.584823975857542,0.6993822308821115,0.8425917496099825,Sandy,Medium
54.218039270693744,61.20964650122034,42.54081691584149,6.0516754980580885,65.1660597196921,1.1649376062977683,1.1366538696665027,Clay,Medium
23.460401790487115,15.182918368070858,21.97161571487477,6.703471333027392,29.653006241590486,1.326673209775815,0.8266542442683098,Loamy,Medium
66.12289849591323,62.71162247578289,55.12803488732142,6.013159796337107,77.44854896786953,1.8489408875255093,1.1842197600904838,Loamy,High
90.66026300903367,42.56412936674363,111.23901551682697,6.378342029091398,82.2282122503497,1.9448100999505435,1.4759871923833894,Black,High
67.53564295910469,23.75313922119441,56.907624815346345,7.877151880729153,48.043166358989446,1.0948694749626058,0.7048417386543661,Clay,Medium
60.398697098300076,40.81033649408919,93.77441498263003,7.462093583299526,90.0,1.7223299802089813,1.2853587184265194,Clay,High
82.43138243803575,29.162646238019747,78.95927290648012,7.191126675143105,68.60200411449622,1.7510935613816803,0.9994688835369321,Clay,High
93.23791824098487,83.04231952733241,91.76834381830878,5.545384851596412,55.02240521553706,1.8770093110332418,1.2303210618359819,Loamy,High
90.70631902946982,53.85976346837181,98.62920653766051,6.672094167644298,77.18404400924568,1.1678228706854101,0.9621573965889776,Silty,High
36.681716382809725,33.26485147132303,27.421049917651064,6.2550241389556165,56.04307342748951,0.8195124502591565,0.7652123646923633,Silty,Medium
35.79858822852102,52.33922007835773,44.8750987006056,5.5981537866795215,38.00046294088569,0.3766173709200251,0.5968848677291533,Sandy,Medium
46.798031937113265,17.237217292031552,20.64021303808504,5.548625910979486,5.0,0.5691854376768579,0.41118243214902866,Silty,Low
67.43487030661788,20.529391458985195,64.79622976588406,6.190148379535204,35.14656128444746,1.2109571703136328,0.7753907417539599,Black,Medium
28.262248129746062,26.71748726261413,31.92871618092712,5.422582623367784,44.19463472814954,0.6660837790993093,0.4501772636508063,Red,Low
81.18207719835722,54.46545122882526,95.54523067675063,8.35973171515971,61.893714509996805,1.509508337531641,1.6596885800583796,Loamy,High
22.45940018791061,21.892786987499758,20.782915401122974,4.449564743326946,31.29042328587235,0.5837017709535058,0.3524288879543584,Red,Low
69.7164655458968,43.668874630209544,40.68501937743206,7.004657203350698,52.56780118186295,0.6603748753304444,0.9680004632695041,Clay,Medium
36.14578236661517,23.689201255476192,23.491705012881795,5.2146055785406125,17.96679536730203,0.1,0.2629393603653183,Sandy,Low
17.578916686710002,27.01246028499976,41.02864360250689,6.227658757211634,42.62643484035134,0.9662022754815609,1.1992566421872495,Clay,Medium
50.906435386208585,32.68855330782507,34.78453479511819,5.784695825804917,58.126288243920555,0.8240646867449551,0.5791667948532082,Silty,Medium
85.36019506258248,26.382140861286306,74.0828641024174,7.681181940913435,67.86598201178383,3.163816738058265,1.6003106550474102,Black,High
64.13050018839357,36.8813986244953,55.68488352117598,5.714506419152645,47.29223583393963,0.7556817070765058,0.9075566026638339,Red,Medium
18.443786501521107,22.58625352553468,19.62288559219433,3.6007057967983456,15.444430786879105,0.2446560420492488,0.2610650568994846,Red,Low
104.30558743398399,64.53922552118479,85.15044729892253,7.447556572313211,64.72583101818937,2.1617277317608155,1.5074355816872278,Loamy,High
39.98179057946157,0.0,18.0953682585955,4.690508807082036,41.526828774815705,0.8971347992681846,0.1589677133621527,Red,Low
33.74055607102684,30.42285727439899,40.18152233440898,5.153266176226499,53.798535681910806,1.1538207274179806,1.0518891511560076,Loamy,Medium
51.36667656044082,32.66530118607093,64.25594529762157,4.132604173893426,34.51666781213076,0.9516622528375392,0.5811745483185893,Loamy,Medium
41.4770222593205,35.73170767835716,51.537791333093764,5.962547370216191,40.56166319237517,0.9002705250038383,0.8183640037379702,Red,Medium
51.07098191114719,28.038986476085263,59.138420897732615,6.87284278051398,54.03671716557227,0.5173590895084219,0.7382949389387661,Sandy,Medium
108.04210849017184,79.31436017636983,49.62986728312865,6.228048094573867,61.00945626368866,1.945954369560108,0.7572531262097821,Red,High
59.83401830195844,11.56057574190283,38.63843112633356,6.529673446847073,50.9879916391974,0.9074845713368503,0.7395335218095432,Silty,Medium
16.23922275633919,18.301783173457906,24.83169022656193,6.302766069015966,34.07691301462421,0.6491949163431573,0.3100906686660666,Sandy,Low
41.48117129889326,31.420700886980196,31.903700506365315,7.412746901245455,50.94019768779496,0.6866373132876382,0.9611763427830478,Sandy,Medium
30.49108602358992,31.39772819482822,43.303537665130456,6.898913679689321,38.4587487858144,0.20002078277528113,0.5820260621097574,Loamy,Medium
53.0221476080533,51.521229348874826,50.992957287897184,6.465224223385192,45.61130467862275,1.2812550146509079,0.6901757005253636,Silty,Medium
111.37812097390608,59.49498511802259,62.347589990330555,6.796990490713523,68.62545992168164,1.913637667987973,1.1003482259204718,Black,High
57.423390387857836,29.061402928682462,42.41039790113175,5.331150595955676,46.93168691832604,1.0747595620349129,0.7492373632987677,Black,Medium
97.03130943880937,61.73819901259668,70.56420309601131,6.389701497652883,48.42909666280831,1.7410491203016065,1.2555020266382395,Black,High
27.05662853029187,10.276346576705086,4.390081109929778,5.673584284605356,25.255854046341554,0.31911192322626614,0.22310751456646108,Silty,Low
39.17370367255545,30.6288028787116,56.859582078668865,4.951643436513351,62.64218134345681,1.3465840725583287,0.22460574352758167,Sandy,Medium
18.0915826494348,15.881825832762129,16.816149303840767,5.66823136893555,28.874300930320093,0.30138226859201045,0.38900667096687763,Loamy,Low
50.07532622060039,81.89839921169448,63.49329043713153,6.77638231177243,56.82865972426755,2.3162362028573993,1.7463811784654923,Black,High
52.632697049200175,34.62227202188058,67.77821995424628,6.658590120420061,39.614633495894196,2.4529478237679183,0.945830243793186,Black,High
23.26921114104605,21.51178112334548,8.680527779157984,5.536573428535379,25.0180757656563,0.2590635228187952,0.36791970211446284,Silty,Low
21.526316704280354,25.597439222530873,13.146924073642673,6.314516099841713,18.75933211235604,1.0347817227416636,0.23702808805679512,Clay,Low
19.108326767251896,24.41085789084439,35.998267972288104,5.933367293468949,23.35629300892337,0.4513770027016743,0.2792259827396948,Sandy,Low
60.07398188542662,47.87397370222219,71.99369009623908,5.179366356223646,61.397401866450046,2.3367305523108004,1.564135099340755,Silty,High
31.058133371113094,0.0,32.10154115882678,4.752469228302462,48.31300320577401,0.10552828346164822,0.58526632053741,Red,Low
46.70319149644671,17.93172188266641,51.1489748805406,6.940909907821487,67.42153362359068,1.2524150788581776,0.6893430276297382,Loamy,Medium
112.4644869127894,43.10556002010988,91.68367790354091,7.372564836775861,66.28873746072149,1.5711153087246748,1.4349884156406303,Silty,High
65.02953138673647,63.744067013074805,65.69644625246191,6.181498699135056,62.817973272889624,1.338500819708802,1.3868948032921853,Sandy,High
117.7014792502855,75.65255975069005,82.14055938019138,6.550970383163154,58.09586634890606,2.280577527276515,1.1509275894811244,Loamy,High
78.67752461777592,32.47554550224741,65.22110394216614,5.281286471447999,58.48440482462371,1.791310248932082,0.8265451638249496,Clay,Medium
104.64686108870495,43.21820684303037,73.13136935473622,5.7889479481866495,82.23962980126663,2.6220621966057442,1.2411562702203234,Black,High
113.71814098485264,48.87695582133994,55.34839480161168,5.314093788774711,53.602453285380925,1.3068623862449102,1.075610165773609,Black,High
57.691094113819375,25.04331874514545,49.260231676007855,7.936720657668817,41.818167063677244,1.278394597543077,0.4755840099569435,Black,Medium
20.75072708160648,26.404269199252006,19.768197042410947,5.528105555514564,36.71012427211001,0.41141431851694793,0.6165431584371334,Silty,Low
75.19589411666938,58.893811280848844,60.608111962331826,6.944978377235937,48.02898187800703,1.8039739335692935,1.262372593788684,Silty,High
25.394692369706743,20.216357957903877,14.836429467348879,4.809474237109662,19.94448059105079,1.0829759293506418,0.6106413588374733,Red,Low
43.41495046632444,18.192483670323917,61.6113430120015,5.659292270758102,58.92412818217172,1.7863757890498575,1.5077160595353711,Silty,High
78.25364780195324,54.201455704131256,73.56014895892936,6.432205244321761,71.98268113638682,1.3252210941276121,1.7467710225810553,Sandy,High
81.80663038878943,49.41160616666531,85.92874999222883,6.63074386872937,27.394450616954735,0.49631446592014905,1.6062782048795339,Black,High
78.90955693449133,32.807189268896046,28.488382376025307,6.064332925879199,51.67354548645605,0.7385929272944926,1.1826864390542506,Clay,Medium
22.257228956235064,7.640264172204542,36.464338961560514,5.153414767594332,24.39752041430449,0.5083854250255112,0.3145719247819466,Sandy,Low
33.16228754512778,6.46026519323472,31.87087189252434,5.0269122712050285,41.58800860634012,0.4717273173180114,0.39548405241888385,Loamy,Low
16.365760505745993,14.955138275270542,21.01047186082537,4.9774626514392475,12.93903059782241,0.46460659228287604,0.5631414393558684,Red,Low
48.40429193258686,36.87365455282619,42.48847480943601,5.35256409416632,45.56384651599715,1.248221951001769,0.58874129160124,Red,Medium
67.06211120784552,31.984059724783332,33.79760439672964,6.4738124801145425,31.556797421254565,0.639951340561878,0.4987706234326082,Silty,Medium
110.14675167999613,46.360523963766276,75.45960196242366,5.901435573158084,71.87393869492185,1.2690455596088475,1.2609838197732919,Red,High
95.6085057596033,45.69934379939017,86.85686176024906,8.824357023436688,40.81473082370417,1.6153890505453616,1.1836686834482777,Black,High
46.675892826722006,18.653445078474327,66.93221990686017,5.261913121218705,43.59744628453001,1.5164990130338512,0.8133593314279124,Black,Medium
23.470008843694398,11.943763473196269,25.357542008732757,4.118984196593074,38.13035736887622,0.6572782626713658,0.45417055098344583,Black,Low
44.995272026050145,25.016016357934536,37.426836459837524,6.245978744381394,44.908421262504056,0.700790679019468,0.374921244332727,Silty,Medium
52.012927584053635,46.1950991680841,67.46583852756547,7.007467017166775,70.10107743396657,1.345236807953987,1.1961778363040243,Clay,Medium
102.02330341557854,63.8893220499442,64.71628524900213,6.862796447132482,57.60811469244659,1.9609256765759233,1.0483025495393825,Silty,High
44.95398884249761,16.23620333930945,25.555804373365767,6.120450686297981,33.0029343744118,0.8666424885024235,0.19648719381275395,Silty,Low
104.74220396977532,56.92883489481297,90.80126932200713,5.848228602609566,58.248006575996584,2.306585166488999,0.7272231493494098,Loamy,High
122.38451633644326,33.748941571322014,93.75409691250613,6.140617277919348,56.188877021145885,1.1867581574768868,0.945401429509261,Red,High
34.20268936349831,41.14312767018207,36.04440743636296,5.429572955321082,39.66629024368127,1.0510121575268916,0.7589822823751757,Silty,Medium
66.54599349683633,29.58895160551626,31.469335813086097,6.460875583138013,57.84553043723873,0.5834319453575928,0.6240661746583313,Clay,Medium
48.67484498047398,24.62862706010536,52.484488701162796,5.115893438833266,27.043375633666905,0.8498333565465612,0.7813563830892315,Silty,Medium
21.588518008390018,14.853616423822835,22.518814832892915,4.636894780903506,44.778363000082734,0.6371691135360573,0.27471956628456207,Silty,Low
26.269601764475187,27.717771795982248,14.99617571083649,5.637137088404401,34.06877012876375,1.0008925989003823,0.6523604614750934,Clay,Low
60.10569455487129,32.87595268369725,64.16368527174002,6.204265020039945,41.132288409845955,0.8121154741778223,0.5531321712562843,Red,Medium
57.275807314600556,69.37407553062846,47.31303913597483,7.014517304075926,69.2576179744202,0.6368449862864582,1.815114352261812,Sandy,High
32.28594148067978,23.809032448924427,23.738839382596822,5.798169208594457,35.190707129218126,0.9426114736077529,0.5140189577138274,Loamy,Low
35.911867242614214,3.5539989938538987,47.111026783878415,4.697959124065947,44.95544015201735,0.5264304263486652,0.6109962463684643,Silty,Low
41.23609809537298,50.369034227488775,49.26401800900411,7.148754113041253,18.027969788090843,0.73946255685073,0.910321359712825,Sandy,Medium
102.22314427435701,51.80998100216018,68.78059368055409,7.644579924454553,32.37704295521036,1.9475272106881032,1.1565122487218051,Red,High
103.24706489872618,68.54801364077854,65.83819150549394,7.688166867384854,82.07906860137149,1.8961666356878717,1.0559374454433017,Clay,High
30.286092680292576,17.662825490298474,10.538177802694117,3.9205960151436123,34.486483068867415,0.3110185429252691,0.4794697960180767,Sandy,Low
82.0972523897431,54.70689887011197,74.07588601004737,7.694634238635255,44.7171264093887,1.939315138456422,1.5388266569982365,Red,High
23.508559755048616,21.34759495187938,24.448170778897882,5.507646825156986,39.88634189569363,0.3241323771835578,0.5982479695868899,Clay,Low
9.181719962835517,17.082034351999276,22.944058769405682,4.2987798335492275,29.566453687937454,0.20719653556398301,0.5293126004975599,Clay,Low
22.074023652155997,36.86611347740179,43.32189263131651,6.813131426203524,37.17144971544138,0.5676449438216742,0.6504141821792825,Sandy,Medium
27.627543119672712,16.474240977535178,18.44348496103829,4.854017712396162,55.07724785506933,0.4020311563685159,0.3195650384616853,Black,Low
91.42026604921105,34.68027067734826,89.63129478999984,6.080964999718968,73.81779960146626,1.9336750111971766,1.126857162142966,Black,High
67.56783099918732,37.78411647471941,42.5333322859311,6.8890835362065665,60.51058471221353,1.1885056956663191,1.2163613729562313,Black,Medium
55.391720796345794,35.766351841196,50.21153010237265,5.399008971524007,44.919133650296736,1.21962713472282,0.7284612733213636,Black,Medium
84.68750052689882,63.283573334920234,70.67445260135746,5.669508397828202,76.7514560425697,1.312324624480096,1.227351792965363,Sandy,High
19.802372911947934,30.352464384004193,34.8604432038608,5.411075382504369,32.39599827037588,0.7621906806997628,0.43328345671848706,Clay,Low
44.941476048872886,35.774906904037756,46.45065110745963,6.88234881700634,38.5703565102927,1.1630409058629623,0.6206114715508888,Loamy,Medium
69.52463886440171,38.991275186768505,84.2505965341706,6.027852771429183,59.26377812735886,2.539089211781004,1.090236843480978,Clay,High
35.16246328384953,24.77388995352852,28.389459041234467,5.47627087973576,30.735891110194768,0.39414959993488374,0.2733055248001162,Silty,Low
34.41284698899249,12.453566182396607,21.398317682231344,4.889919434910491,18.7178929429425,0.5626363303891126,0.34521132043694475,Loamy,Low
51.72392999588658,48.800034212275044,66.63848047320135,6.112229270853916,70.45961255954396,1.6724704524511558,1.411527886967622,Loamy,High
37.82987312321885,34.255293282524754,28.84790585578013,6.831550816509319,38.92471466446349,1.3970355240744394,0.7455397358267787,Clay,Medium
17.802751960303656,21.047479574788564,32.70497093426755,6.266626235820445,34.06330103322578,1.0956072045832563,0.3678603810314225,Clay,Low
15.636009033447642,21.361604054906035,0.0,4.314886291842813,34.66676798080765,0.24601761056624927,0.4968509299420532,Black,Low
61.07610325105539,47.361387378033655,52.54700289305303,6.8089077977856745,70.92643949837047,1.7914823530612478,1.7188205872523101,Clay,High
74.262930868085,21.54636840056675,44.87333083929859,7.346484326838456,59.57628582703981,0.8239226306899294,0.9421153384156958,Silty,Medium
61.85519899436919,53.4874138925761,54.626448778826735,6.853085103256537,54.06585973840849,0.6140484213521494,0.9212494281053835,Black,Medium
71.20226118604401,84.26718493663904,63.94781424545904,6.233843306135196,76.9835735257181,1.3019756588062017,1.1247226396268903,Silty,High
8.822432503608177,22.351916914580954,17.03534117953491,6.177896040571171,23.938130523658664,0.7722942336942222,0.7396256458258286,Silty,Low
48.90859166786892,39.511370696524295,33.71185096934991,6.351586519071614,43.300956549928095,0.8764797285219904,0.8307664463957845,Red,Medium
52.43720861300798,26.41291019997537,37.33793930780296,6.305129928940136,50.918457301790916,0.9329135257382569,0.891266721258924,Clay,Medium
68.39067482182097,53.085871059149646,54.30215700751032,8.03162708479488,62.24520400742437,1.7742432648548794,1.114695401769671,Red,High
79.60365927809853,40.88188199965942,63.5615426439014,4.596075090327753,47.33595829023417,2.31484908989602,1.482511369750112,Loamy,High
74.20354031473478,40.402861665809255,38.565575775450384,5.570199242987502,59.76093526539636,0.9693703923162171,1.3686850196040194,Silty,Medium
42.56254496002641,47.6965345698457,64.36030084678946,5.581640057455431,36.16202075445862,0.5120849858323526,0.5494122125831908,Sandy,Medium
79.06743259501957,54.73312852466191,84.58980877552973,5.228351849656577,78.7279580514417,1.8640565416766814,1.3990723657466,Black,High
77.66673815456575,24.26907557339897,68.91404181525698,7.080636172345441,54.3811618909199,2.0086185253424906,1.1489148382766383,Clay,High
82.92954019415967,46.10784788743086,61.49793256420689,6.483679037441624,70.25509959033053,1.3462521696441403,1.27214794975283,Sandy,High
73.58908877521074,40.12646899235157,52.24240353601827,6.884984164707477,29.437088280266043,0.6871643504902585,0.7749027734081921,Silty,Medium
61.70925950488004,27.789539627811966,51.101085848839126,6.66912699839166,61.097457231354504,1.64030089683019,1.2720990595513033,Black,High
79.76748471950326,63.74863233962401,71.25142019671507,5.638136064680351,60.82144371541672,1.1810378782819528,1.2197261652992621,Loamy,High
30.20159336833289,7.696835218286614,21.14701825279437,5.2806632714824655,39.07595569308995,0.33659973810778654,0.4231951749972915,Red,Low
53.37339878499726,41.24456436900532,112.87139988377729,6.654212444439623,37.417080471257435,1.4553289397937703,0.4747154979899786,Loamy,High
99.19569520556438,41.236726733637454,60.46841724397589,7.731288739832022,39.24719895700109,1.1449400908761909,1.186127749119621,Loamy,High
49.64349450620782,57.00038880290111,65.61227063712018,7.39427144480973,58.14467415561943,1.4294478643586639,0.8450339407315681,Sandy,High
46.70613757112893,31.167418615854203,56.57917251668972,5.824451554786484,62.21421194150801,1.3833425898119278,0.9856125762201617,Silty,Medium
104.57669828519882,55.55939085863511,56.0768404668566,7.956206109380043,50.799734548588475,1.521854791543004,1.3969693020087584,Silty,High
77.57796653554429,69.24792057478706,71.37777189793808,8.022683703141313,85.94525033256734,1.941705114521071,0.5957124146199312,Clay,High
27.195977275435407,29.40638152554355,52.86794410069523,7.575656556609209,39.09976364254703,0.9083444247300734,0.8084619313709899,Black,Medium
24.303284898642964,27.977795598551676,13.00856166971528,4.976748147230717,34.45212710247019,0.4239441256225944,0.571147788580794,Red,Low
83.40679887453757,59.269664000821194,57.881731890410315,6.3323054653279,87.267212747763,2.2422824008363347,0.9635697534577274,Clay,High
0.0,13.408478690404667,33.671304442818965,5.012398087902188,31.179126696660312,0.1,0.3493943487354927,Black,Low
67.39769138134983,30.687164730492288,46.21334327336123,5.33430605647211,43.54574152992162,0.6858329775367924,0.41346857364280826,Black,Medium
76.13895852486354,31.825256390355197,46.63852835628039,5.749634879079894,24.51338776657723,1.2308339374789121,0.34211640923177045,Red,Medium
16.59044504433976,19.84391714743884,13.735303954711302,3.8134269618615173,19.790160368981056,0.27223846637702487,0.28084317087208555,Sandy,Low
10.879317718803714,20.40783419550527,22.582970372179158,5.772318554230169,25.80181315436762,0.5678971457019313,0.38900037514306235,Sandy,Low
9.396048748168571,37.153015389224386,49.174197512470755,6.7804018665215064,44.46490700169712,1.5924850102559471,0.7188268805378552,Clay,Medium
31.23935853604307,31.749921277992883,17.829703802101665,4.642764965639593,16.82077169454838,1.0175276130228526,0.4958539632687372,Clay,Low
89.50089482372599,35.76750032859955,64.86554280011238,6.022695832036213,56.85371087042396,1.5309123668430649,1.085633170501226,Silty,High
66.6328224793308,36.28732848882233,41.29433558359714,7.0061102636125945,46.487526568373426,0.8261657758580914,0.9706995760087018,Sandy,Medium
64.0497968140444,34.78990608536083,41.35526607804661,7.624318241163127,40.2651815227188,1.0673940801282038,0.9110598503625946,Silty,Medium
66.84355229377013,49.04607170782209,60.12453034919027,5.587682494525021,53.53056392724942,1.8118136535465161,1.6044642035616077,Silty,High
62.260859436117244,26.860330355147106,49.436960896253154,6.388691792631498,43.687748486958064,0.9193292816113576,0.8150666521806483,Silty,Medium
82.60679625829825,69.19750586453681,83.03849385353051,7.500340992825288,38.773955338314195,2.168985715587875,1.1217876376420353,Loamy,High
31.71726269486199,54.740276105143195,32.51620319794263,7.316885311241398,53.11156912010685,0.9393189400408212,0.8101376454473546,Clay,Medium
25.848701824298463,9.338077488832324,18.750118262546156,5.7477096947787025,32.54190676557657,0.19713489632240985,0.5732678628444965,Black,Low
34.21343934299824,16.66234530418398,9.343386600942873,6.393466798014723,29.82712557109012,0.5004675509242679,0.3470810690884938,Loamy,Low
20.226336410437558,5.640161129507163,14.213223381040216,6.028742220318354,38.321321614571175,0.4587962433616333,0.6671859254952853,Silty,Low
23.207991930132597,20.634541855563473,12.681130503361842,5.103153545856546,37.05534968366885,0.13124603711670352,0.38592234193777836,Clay,Low
68.44908831936516,13.473165052163344,39.42192776355547,5.774012430823997,57.52085156705921,0.9369360291905322,1.2151408220435211,Red,Medium
87.79317393117918,49.04303666882758,81.75033744784672,5.70102205803809,51.29195230457267,1.891389765793067,1.5932118056426139,Silty,High
71.03187787761279,31.458513587291932,21.393500456754044,3.998617726488529,30.965051275536723,1.0762609393008724,0.8055024316820454,Clay,Medium
34.271351256861266,28.456049735730176,48.84365578723283,6.584618235964222,36.53002360873113,1.4645208121207294,0.6832927102207126,Black,Medium
72.1521698106342,69.0477624598365,65.87525675294945,6.274937847237205,74.03940075583107,2.5999543867784736,1.3087111376065053,Loamy,High
42.30976397346667,33.292975985238556,28.609464443552152,6.236046186910692,38.48571557049131,0.8291342128473095,0.6550230930963259,Loamy,Medium
31.854559548914057,17.044064716480033,2.591894824690759,4.577715604571059,14.806006474417476,0.6942893450827491,0.5105971255297537,Black,Low
87.93707858262432,47.41840041923575,49.78839280399596,7.5677369277380375,72.63436079840903,2.0985361020550726,1.0796623919909123,Loamy,High
20.570595235391256,24.62169120664659,15.890873382333247,4.745483985962841,5.788221426108105,0.44754082853994026,0.4363961940213049,Red,Low
33.40054263479558,26.800606391856817,36.45568154818673,5.948978416803623,58.37695675528846,1.672091445957707,0.6658256255978328,Black,Medium
59.857427028121705,72.28799541127024,85.93607051066084,6.804616380010092,43.85071044801056,1.1512017225083742,1.297776246107686,Silty,High
76.57380178924234,76.65614245380337,70.971837963307,8.240674281711563,70.43759967642389,1.4935230811789795,1.1680520378614803,Black,High
31.613440823033347,22.331451749079648,62.08122310542273,5.618111504245639,53.04710962521375,0.655243725192396,0.814359347425702,Sandy,Medium
58.64301025527603,10.489273304967796,49.276488660975645,4.425175900342691,48.47117999317274,1.375151100978924,0.9569049673328427,Clay,Medium
13.133691642971314,12.49062367741892,25.148374485939485,3.6776467669694073,29.86776424151442,0.7136916596544186,0.36905330744322296,Black,Low
72.1669148120221,28.50694989374917,70.13460930513317,5.800542884441299,54.48154587679991,1.901232171544496,1.6468533473616183,Red,High
30.810924672868396,6.444165270776875,23.455235809950345,5.058065843625986,47.367348903013244,0.4449305609585322,0.37650522891077326,Clay,Low
34.258537899403706,61.067966006191355,31.056886839959198,6.3482399347603815,50.160257872307355,1.0302852527093342,0.7782563851185922,Loamy,Medium
78.30136267424089,38.376925979720795,112.64385817384003,6.702008174057961,69.76010290670024,1.8713349597284707,1.1506661717404647,Black,High
68.61731638992276,48.30189283952798,86.74439214695643,5.822969894173936,49.04737802260819,1.0581240031706283,1.6539085103233064,Sandy,High
94.24599689452273,71.63719626534476,65.66203341735347,5.434435295187435,44.26599983607203,2.0611009072143536,0.8970336747360399,Red,High
30.148457327421298,21.7726784627671,11.663292155820983,4.417130274689681,37.149271341004024,0.36895729346454487,0.1,Loamy,Low
62.27477423862463,64.17229642811397,90.28514958907151,6.638482763074323,74.9449558116259,1.7645950258252048,1.6944802118795212,Red,High
60.25976225343694,30.9054706728895,57.82662795983204,6.054368368391376,79.33234827789227,1.8087915464611077,0.8820558391700059,Clay,Medium
102.56009156399303,37.37923641445687,47.00799976675535,8.030777022471872,73.42927216503088,1.8295492882248765,1.253114524806725,Clay,High
39.951252172908426,43.09878796976591,61.53440627466888,6.861344187303929,50.7455037855897,0.6009551704607036,0.9499414775993122,Black,Medium
107.9038530753746,88.67423361646412,40.91902922285426,6.288356022665864,52.35053371695062,1.7724530191217311,1.2537525203010509,Red,High
60.97171577638433,41.789757423893725,51.612395662431325,6.312676964463947,46.028327193146,1.6795999747043062,1.2036627455033573,Red,High
35.611428794618156,18.575435520128472,31.62647364031804,4.764926499990621,29.758051117686453,0.3849322228763894,0.41873162270361275,Red,Low
57.88280774453244,24.059783428496846,53.10860678626651,5.9360753381504585,62.96657749619844,1.1038539775123133,1.1546098213460338,Clay,Medium
53.47646453376264,48.09533606972259,45.84622483145099,5.429317051213968,70.08015988597839,1.6982449067666834,1.1156893265228076,Red,High
44.154060846009486,12.84291159918705,7.778661019167007,5.430946014950812,27.84244376652179,1.0093056853162925,0.32528298501705566,Red,Low
104.64394661198611,49.50337625012227,56.11326771345543,7.264540682724301,69.4735949328811,1.1075437577014107,0.9340380218346782,Red,High
47.81076490982807,31.2163453692719,23.702670827577762,5.521518117528539,40.264493049189205,0.7483023199556537,0.8459239366138788,Loamy,Medium
128.39225138570396,53.71976157956704,94.43108687050625,6.153024500718203,40.225697905320374,1.8624399700580971,0.8026379189952123,Black,High
17.829225718256904,52.09627660446195,37.54925944273544,5.089904557644642,51.100255337478735,0.5851325529905715,1.0598365274119457,Sandy,Medium
37.27724778198391,36.79314880424751,51.11863256844932,7.014786989872479,40.43079570172325,0.8868680131731002,0.9840382935231524,Sandy,Medium
54.0941010353774,62.38843819491984,68.67477918625842,6.527745732884363,78.61096272669158,1.1003098741764075,1.710330168302168,Loamy,High
29.492699963531884,14.839647083757834,4.329270874766699,5.002273071073954,33.34744906892793,0.6822941071366226,0.38435402428099774,Loamy,Low
119.07877677625524,38.70449622719038,90.83279133182734,6.059321936324165,66.78344195436226,2.2373497146964336,1.0203455549573555,Clay,High
26.83301193875252,21.686806770397357,18.32392991980874,5.561104200911963,45.787927398498624,0.48849137497042855,0.7313483023348625,Silty,Low
59.8258293798888,21.245597200493936,51.22228810121278,6.405892750280299,35.76169388467786,1.2688808763098856,0.8521837001438738,Black,Medium
25.245647840354465,17.279917928611045,19.055304166290398,5.1978838665104865,23.560857876362196,1.3891611335433596,0.16632001581624317,Black,Low
72.79718938110562,18.478518850247507,49.11106757583332,6.598715252037232,45.00290489048513,1.0567223590266257,1.0874824591443595,Sandy,Medium
28.1341919444339,3.087183742782848,24.19002309374122,4.5442074005176565,28.136175740394837,0.13861290293279194,0.49287701160943354,Black,Low
32.375910511639205,23.65394861350527,63.642463753596154,6.870334356730898,59.79043765204651,1.7015017677004645,0.6499754844292517,Black,Medium
46.17330271372289,64.44540468362865,60.106596566400455,6.062729871624615,62.98929744746198,1.6775037124568557,1.5062751482610326,Sandy,High
30.52371114499097,20.430112604137527,26.413558395859802,5.2427996227775,43.03917883447128,0.14759594412780297,0.39637077448445046,Clay,Low
54.17014299041103,51.061231934390676,38.31098261663638,6.501801624237773,61.68718144854683,0.3758387573358485,0.7051356939282787,Clay,Medium
63.46383013850057,69.41201162733805,84.0479504072116,7.236886404633091,73.4685693192613,1.7903437784570146,1.405510574083848,Loamy,High
53.85300292675348,27.60656129439151,59.16180013018776,7.312557626497691,62.55895360836488,0.8275673714966413,0.6101697113396807,Red,Medium
29.614427756760065,12.930943320438836,25.256638126367648,4.3403053582366455,36.34062356079032,0.8509328079054905,0.7135881979034313,Silty,Low
25.703383477213364,35.17063144040624,69.67618092869256,5.705110727646173,40.760839012569654,1.0992458444322346,0.9557694628561888,Sandy,Medium
63.20488428518356,75.40602146779398,48.86594194765543,6.4539924576616485,61.14659491682551,2.135115578822087,1.4219950310470693,Red,High
45.56110595357333,46.36504420990137,101.5408773639999,6.953025679138333,47.19606649056204,0.6727693304428221,0.6797540811502262,Black,Medium
25.82314382020467,34.1575763313258,33.47166917369234,4.789264414533332,17.917200553341395,0.8409682342965792,0.41117023077695436,Red,Low
33.8367313034234,26.205493473867723,0.0,4.522811750506968,28.89545988692286,0.8355391424568819,0.32716561476764916,Black,Low
20.01451573780248,22.336437204389576,9.884843450254094,4.153366886534521,42.05901456478845,0.6618894474627897,0.5860420319825173,Clay,Low
16.56368800581389,28.885751100327283,5.770412360055298,5.976022496426437,48.3896527238027,0.8281204911031981,0.29619464693811937,Clay,Low
30.028190563869703,22.421366013710436,51.73681149810855,6.919479291379326,37.41371433137019,1.3142337018726253,0.9199467272627573,Clay,Medium
90.6074196838564,68.82013475228129,75.63324145488338,7.78193619872747,50.6995742003732,1.8797087539352944,1.2390848248962916,Clay,High
32.97817619945326,21.138056616569187,21.153617306565284,4.584988944108412,40.97186074156234,0.7247230511847845,0.23664950548810648,Black,Low
24.10720515668222,33.38907675782187,41.61944068881685,5.94042643971573,65.01520227764235,0.6031537641373663,0.9754064493701138,Loamy,Medium
25.65307339692456,9.463097937690183,7.379378234155446,4.619437260988544,23.129992660860918,0.34730874185004823,0.36126357801517606,Red,Low
59.76339116232474,20.547296081068076,35.8130744464034,6.021371840392334,43.654177678920774,1.5009271122240269,0.8710942503992486,Red,Medium
58.30139478134751,31.62359168930788,29.439239907089586,7.80644375625077,37.140760201467906,1.308984094594249,0.8640111163940657,Clay,Medium
79.30972678667729,39.178027593551384,37.29602927547761,7.284793820102369,38.42680659947057,0.9990674034185804,0.5355216062365261,Loamy,Medium
57.889387337293954,15.130125339422587,49.96744841600797,5.514678545972507,61.356256188054,0.8444106713526475,0.5728031006990031,Red,Medium
64.6752999784255,71.76523198006376,74.80933165258256,6.763491039216042,69.6934132461031,1.5335064906430522,0.8890369765080159,Black,High
60.99979692501087,65.71458443709243,76.40102575974304,5.771553411792381,53.95123144176263,1.3204327465025456,1.7473694034513625,Silty,High
45.266482463915615,41.69843007774513,27.725765768830048,5.62740775588647,47.25835919130264,1.0856692247437738,0.7985589923870422,Red,Medium
68.56646868521614,49.853961709327486,61.179762037155456,7.10874375776573,60.60654239363364,1.4266486802191283,0.9199928259997032,Sandy,High
58.382108895169075,49.18840630737965,45.82898553870506,6.070665270018405,48.692085465313305,0.6089535732459714,1.107967494438022,Silty,Medium
79.6640906781425,49.41878231617594,88.98671962906934,6.449264562717741,64.01975469950271,1.9409651117935425,1.0425853509459282,Red,High
56.39096911030736,15.905132968773167,47.03235786533132,6.363390348045489,47.55959550539196,0.9606889140471699,0.877017372049018,Loamy,Medium
46.52556263199328,40.3328049185912,54.74822145400843,6.767524442673667,79.04292658808005,1.361088788682014,1.0688063151761054,Black,Medium
31.0575257351734,29.542508278430027,52.54352205612085,6.72546228386334,45.7551148024679,0.7085573471686893,0.7377634238611454,Sandy,Medium
35.2480017098746,9.950066802630179,28.62342559431449,4.6444951384706386,34.68921651841053,0.47392822180900285,0.7018419388630172,Silty,Low
54.85778945431653,42.05287621714293,33.51249379852541,6.088045781432107,42.80098138452235,0.795855954978208,0.7232609396736872,Red,Medium
61.062526122745695,38.64817772368314,27.23623861069789,6.542722128711507,29.037841482907666,1.138427548449548,0.7084178385112134,Red,Medium
31.29152080597858,34.34620555965298,55.123405015647435,5.754427657581903,38.71399496627187,1.0863863070702469,0.9255160312023266,Silty,Medium
51.992895933625036,40.66610528698258,42.2775146400558,4.915717193158205,48.686998261502595,0.6243548732245873,0.9396649727203348,Sandy,Medium
55.80863006586204,24.47503980449831,54.37266731214718,5.449296768433863,72.94683310407028,1.6213845904961035,1.1791939088026322,Silty,Medium
38.832013763219294,17.230588013790978,6.011307035301625,6.152240989821481,41.288244629225055,0.6149743369952346,0.19946683368039295,Black,Low
22.861670641799844,43.39588937879775,24.760292397629836,6.629464696117341,35.87567982664374,0.5219889665001569,0.8724381205212858,Loamy,Medium
31.71831570034069,24.669538899787955,16.883122847920237,4.6525226541376625,67.57830891974216,1.8900953678758807,0.8403997651492696,Black,Medium
47.22481719215829,42.60931622735,37.827331762135444,6.5901070936333515,45.846927394225006,0.7793561989751425,0.7042375958817882,Loamy,Medium
92.03458691247032,47.397894564911454,70.03787687437169,8.145566309551704,59.81350341204962,2.0863178228806367,0.748230800352528,Silty,High
45.10099542600676,54.156637471271054,20.480575000881316,6.323032110485779,57.13223958989564,0.5715951027359507,0.7731754617063525,Sandy,Medium
43.223475229998556,21.587790480585856,34.277728955142194,4.847994149883061,22.594745887497034,0.46582643367528753,0.21136144319383168,Loamy,Low
45.82595019591607,25.61032210024777,49.98390091545202,5.485027377620569,55.246026566269535,0.8064987834525917,1.0750012177007204,Silty,Medium
32.95100633213717,19.436498990183246,28.439018737144867,5.176962824503339,13.366025876567562,0.7621104494181117,0.40421707395757667,Loamy,Low
63.043943629901705,24.49373870887524,36.324700651686086,6.924284081159204,42.36101164707384,1.4771145406079387,0.7807957925701349,Black,Medium
29.167724930855634,15.007910410077805,25.656703754676684,5.934996900466896,29.4578454133668,0.7769782397809504,0.4283448137249471,Black,Low
68.43413201547098,46.21903034143506,44.95284578234862,6.571563270348828,33.81979856164954,0.7184868288964112,0.8880675132606952,Sandy,Medium
13.798150385050386,25.81586184542905,20.112263206224473,4.409106051025724,43.363847374319214,0.8711869592171086,0.46747445682131883,Silty,Low
64.27918733991092,51.25470330179085,52.7368223051807,5.124335402927179,70.11769298765353,1.2696970668440128,0.7079046748399918,Red,Medium
47.54783938611873,36.62994889398855,52.92088209533916,5.946846489602564,32.60670408778795,1.0657455403615934,0.7026546718390658,Loamy,Medium
30.506777008603766,30.225990030778988,52.57942269247996,6.884746006117438,36.539704349520775,0.5995206892045845,0.8234680117453942,Silty,Medium
62.57085067698547,58.16954219481245,92.03768754041592,7.084630218578125,36.69216915092215,1.4282753136018158,1.8223079519395307,Sandy,High
26.326971280119242,16.189316535742925,24.154712552025707,5.23597650720764,41.39971986062925,0.6484175864834335,0.6499067202981684,Black,Low
17.89342769911232,3.463303767038777,23.7578141192584,6.537800201930289,38.73223734560165,0.7806940760986355,0.3456543614973981,Clay,Low
67.75426381333219,55.095630043188024,61.85537522956184,7.044195703782418,46.421806952686104,1.012915674280197,0.654228389725784,Loamy,Medium
80.6361606628212,49.91210834002652,44.488932724485046,6.866408958855238,64.80365447577584,1.3764399680899821,1.1463498770263802,Clay,High
36.23507295463934,43.19337181253533,21.165181254880256,4.811360807431223,41.435486472050194,0.7830705254541535,0.9089273299241741,Sandy,Medium
51.88294187688084,29.831198941842363,62.61285685586833,5.894993472057453,45.36177817939507,1.6926254418793827,0.7771527501192488,Red,Medium
33.10940376724989,25.28228593873046,23.894872654112525,5.026261013843862,31.003342898371162,0.38176146346389445,0.4785933845110683,Red,Low
56.86268835559419,42.414127779165895,36.92687800475539,6.191590276640225,57.37419813020866,1.6753801896449487,0.6504094421390167,Black,Medium
126.62751587757073,55.34765749676561,106.89117071952668,7.086171585548214,65.20034367023065,1.8860325926194117,1.513915439622864,Black,High
22.123043925575196,26.83986588669339,19.70451362215672,4.564444965145682,40.09542153869402,0.7848287691310026,0.339064423679015,Red,Low
12.706777245053438,10.836152716170407,22.2416523213338,5.12198475130589,20.331239082693656,0.34816625806586193,0.2282920134079993,Silty,Low
62.76845540879608,27.918818330347506,74.70432966172768,5.277539804950769,62.41247958096202,2.3886000866139177,1.7185615147558526,Loamy,High
56.77455362609529,22.121315739815,32.650604328624595,6.309224036487941,60.739493883197504,1.3558771947193289,0.6626689957337661,Black,Medium
39.952867225068154,23.937193008286243,44.939848300867176,6.237737629072001,44.30234687656138,0.8975841409681584,0.824929593017599,Silty,Medium
27.64264128712621,15.725185467163532,25.017482798047823,5.678286480556935,24.43974109277371,0.5057433446385579,0.6291431813483855,Silty,Low
26.29322754758344,29.200989276747897,32.59772003748785,8.150341597495501,35.96381968845076,0.6397981224331521,0.7384352772132178,Sandy,Medium
46.744931537527826,33.430539858102826,1.6494805637151515,6.187898754049404,46.21367945783974,1.261570639223718,1.1079934086214684,Red,Medium
60.96862439110387,64.74279279774547,58.84038721384677,5.833772278682951,59.58734718334734,2.288198427823067,1.3006815502846372,Silty,High
65.30433189473655,68.66991546367186,57.565439404208874,7.102795804340283,72.5949019852811,2.2547222422028934,1.3202073735751716,Clay,High
117.63313188650788,45.826752088414345,38.63628677687949,7.34938761151841,57.694654877322066,1.6449368004987754,1.4057297716046833,Loamy,High
47.69836845850126,31.89868531369755,61.63704725582019,6.424055683290866,31.171917030220477,0.5912364556576655,0.8506305827651122,Silty,Medium
62.168575854944166,42.9612513774484,39.58236159327376,6.369530335604512,48.25745973034601,1.1307258157907256,0.9530449788667559,Red,Medium
81.11091704683643,53.67099545612127,76.28646701085013,6.269365505342291,62.47063431037775,2.0152939923047923,1.2726590653106054,Red,High
80.62871694057132,51.2273536098531,22.394814316778167,6.606148022798527,44.40750439476315,1.7929164076402615,1.2928037991136005,Loamy,High
110.93340943896382,53.63222798459244,114.93532708984824,7.109206300697914,44.96718688168377,1.7567157749444995,1.1456309239138098,Black,High
22.722265289096644,17.714378418849186,16.518791923444564,5.44127113648877,36.41321388465356,0.7999761124249501,0.3604154673999841,Red,Low
53.49125594924072,34.562619786142,48.57917302254059,6.908290523368881,86.94662537737213,1.649694371789745,1.1165258466099577,Clay,High
44.35799514632682,28.760358270693597,27.855256839707714,5.704918186615971,60.129541035223994,0.9772778025435429,0.6572320077454586,Red,Medium
40.93112060835552,48.61951137430712,60.843283734801204,6.444809301099736,31.37949435212452,1.866009210448248,0.9052007323782001,Clay,Medium
97.04605574042695,72.35313689841017,57.40243538112166,7.186626071496954,46.58368700681582,1.9798604462113183,1.2435752965043876,Loamy,High
24.39015303775483,15.99208943529311,12.317688259852861,5.653301150278963,44.89704036741438,0.38639959386157957,0.519637290894797,Loamy,Low
26.47148953551795,18.682429137783483,34.62821658618115,4.688796221142455,70.44393300993147,1.2087545043794619,0.8134085693521932,Clay,Medium
21.90534366688665,32.97424472994346,67.64587958580772,5.841084643301535,63.12944531370317,0.9188733765751633,0.8321526370435506,Clay,Medium
59.51019558150331,73.85298775774669,68.72892513781753,7.882084581527547,47.782587947399165,1.8326425342108879,1.326615636869691,Sandy,High
26.350005528692083,13.956200144027989,20.983171895050283,4.790186833407443,44.34691590162161,0.537243559090014,0.15062869899709808,Clay,Low
82.00909702992779,37.878939640771776,72.80137241341707,7.022917065742273,55.04290943955561,1.5073041483364762,1.2943249903853473,Sandy,High
46.821996146424155,37.67613447469774,63.683393729059986,7.749166093265998,29.642193836976922,0.845082410206168,0.4754547409842404,Silty,Medium
57.6094061898108,34.82704347386231,60.56757320419369,7.3690601558081115,59.89653635987345,1.0870039579346777,0.7431697741068842,Loamy,Medium
62.45440366471856,30.902987834488442,39.785012973989105,7.306650615646568,73.88572050186353,0.8267066429271498,0.7620571314014456,Clay,Medium
72.55267281517412,80.3692888248166,74.75352424872274,7.378245067623498,84.8654930596528,1.511394117397272,1.225239074596162,Silty,High
79.55299055492844,33.155014664904925,87.96214863379984,7.277997075062993,58.398099008498974,1.9893864512598045,1.4632105962529174,Black,High
96.99019612917489,29.048162916298615,78.9590080912323,5.393343783064591,60.47127170993008,1.2113757362800048,1.650749042201204,Loamy,High
24.573083259411725,34.466873557559474,39.03556423975012,5.196315817068854,58.58695627664118,0.4019073206422096,0.5920269860317124,Clay,Medium
108.90936734026303,69.43895146258602,65.54761935260427,4.715422579684359,67.08108927584126,2.3176409704743377,1.5954613141877991,Loamy,High
59.209944713230946,49.444444066154325,98.9410303799308,5.3999456820501885,47.078064034044985,2.095871651489419,1.129275411454452,Red,High
31.07161575959654,14.945590684982575,9.542251641004846,6.533184594701956,29.755481812533926,0.8553587349926786,0.5808540380296991,Loamy,Low
17.50757705219667,29.570519183471358,35.62517332619978,3.786158816715486,31.948022348839732,0.39272675749306507,0.23400183067106892,Sandy,Low
73.670892907078,42.821367741220456,60.003339773504024,6.8356693557042085,48.79763339522868,2.3607351921267847,1.388119305350355,Silty,High
47.46117167496162,26.9633104147318,65.10098737391634,5.937552208100812,49.123755224466166,1.3292562143900815,0.5477003221745986,Clay,Medium
108.38650636075666,66.46062304214198,88.79965364604114,6.800620289542431,50.785285856808215,2.586193873915012,0.8225252276538493,Silty,High
61.042048648141304,50.874846529950844,50.90207116606698,7.199442959761765,22.050367270336498,0.9601638136147906,0.40773148242848295,Black,Medium
55.14587815617317,61.19635286945964,84.98918963228367,6.756928702593705,77.7417116598199,2.195492974298836,1.1896804793561078,Clay,High
32.213805475731064,24.279051457772702,29.940244030902587,5.105708636981019,18.315000865206734,0.6856816387286032,0.41975140555889856,Red,Low
18.407171037705822,25.110750230835432,7.500737930619775,4.404559845635507,26.71227115328305,1.088760244292832,0.6097704988367127,Black,Low
70.67669128323818,47.84362238682053,29.911900087728284,4.3828333835228435,50.549341395653066,1.466869147980539,1.1700776333560445,Clay,Medium
16.35308166693278,28.951443247877837,38.99347196941103,7.321869619939443,61.57962959127736,1.2362670966300184,0.5228789892759031,Loamy,Medium
60.14467149749587,15.493407067639973,19.195834054379755,6.941175774735957,43.83880838824906,0.5644453722635374,0.7742021756840709,Red,Medium
49.881865859979136,80.39779664989754,84.06748750380628,6.59816029349388,65.1434218100627,2.1101225645886683,0.9337060091927072,Clay,High
30.70828101022775,32.224123614703174,29.977142001717695,5.505532814138629,65.74867136341851,0.9677677682853661,0.8656294267882568,Loamy,Medium
59.37939389926956,35.13549892542255,18.151642143755534,6.565710333325665,50.39870564259627,1.3351285994596098,0.6758491538335645,Silty,Medium
31.004434455161057,20.932284572445873,52.84050653335969,4.226610729283745,36.55775023121568,1.102190913658541,0.8215867418233996,Sandy,Medium
8.37811535473045,31.267816042527585,22.012153657572533,4.965400371404544,18.818471718930034,0.5441876149480556,0.21373123769878266,Red,Low
118.29868820973256,60.77517475131461,57.8408578326153,4.619707502554808,36.09176985985461,1.8824335752251178,0.9618262838840994,Sandy,High
96.87538454902284,51.20578310370627,61.52533008534344,6.964458925659616,48.45663754532116,1.167196747693567,1.3653264329094845,Sandy,High
125.63210613117167,60.14388343289601,86.41832876950124,5.935843340949182,68.82704477039353,1.396347834427555,1.3607269137230362,Loamy,High
26.394811055219463,39.49412211810625,35.279797691084525,5.687108863661153,37.64286192370014,0.9432065962552105,0.16134552645554112,Red,Low
12.982828808484513,13.485287047466162,26.613924440616678,5.963254115857506,16.617810314862343,0.3175913834858757,0.43755577305023585,Sandy,Low
102.69584818152222,37.61252779378468,35.17764274205221,5.362793335488804,47.148587401409465,0.7614345389781537,0.922860954234593,Clay,Medium
63.41350688217075,81.78937019297297,56.23284289216169,6.792512038891643,63.278203190910865,1.6597304443066623,1.6077214260320958,Sandy,High
69.69783655944121,66.85314744490535,82.4756664025024,8.261598007278183,40.31033210102895,1.3189830914475518,1.4804794714228446,Loamy,High
59.872098780613605,44.65784867424504,37.08349702939472,6.055847999910471,33.11035183312116,0.793535864080579,0.7116349295684132,Loamy,Medium
23.01894736622767,15.735165474751028,43.71545089847162,4.824070399818092,33.441502161918585,0.4578577056548252,0.3138727603485377,Black,Low
26.858140035022508,19.723018923817,50.82479821883294,7.260938924227669,24.560025677253783,0.9423323515144257,0.5192840439429234,Black,Medium
21.08429358231227,18.677056075746574,35.552283963923145,5.203709425301314,22.39908144183198,0.5581396686005741,0.27104117794758764,Red,Low
93.30680308145519,34.85976419302166,70.80239067817237,6.7941840678036725,69.08080616323745,2.049165761428036,1.3836858891548893,Silty,High
14.10082613610502,7.435824053044005,0.0,5.050901333783991,19.606082044559084,0.49236885940646735,0.1,Sandy,Low
59.524318493831764,21.671802390161215,48.911080983354346,5.954381923945568,45.60630028264003,1.1285474019250565,1.029615345085369,Silty,Medium
44.6713782019256,40.00650899395654,34.919452698029595,6.257546722687835,41.3693908196623,1.1027897580051726,0.5979578435651369,Black,Medium
93.41485231919287,67.49783992884107,39.325200680029496,7.232033544833595,76.08137789298729,1.9502826396401756,1.1333323499707013,Silty,High
55.96456094155009,34.05388262271489,41.83838443858921,5.5338786207017945,51.07225949570622,1.0912563483240572,0.8641808676015678,Loamy,Medium
100.26309118923301,45.25869701597246,88.5029615593065,6.239377977700347,68.7747217035902,1.7744114968270628,1.167945663047473,Sandy,High
16.350003147453755,15.006747244886327,32.32762306106652,5.746145291313654,19.419595986207092,0.4865782450742807,0.4566341368997721,Loamy,Low
111.93415524204518,57.27129240767456,67.0110049455512,7.971765939832281,51.527001642385635,1.6984956771674207,0.7830349292367642,Sandy,High
74.03823698825734,24.493747156934077,33.32214036537622,6.853957144296368,43.14642445230594,0.9911463521276551,1.0128091054421746,Clay,Medium
43.691484969286286,35.78481790151766,74.97521830867694,5.222919166374404,58.13691457513483,1.338383355813028,1.7091829219223675,Black,High
61.39939218330817,39.18524056721104,72.10813888060669,6.035636641202833,57.97889717329135,2.457457117741438,1.119327206636584,Loamy,High
15.006890938075522,27.169515021318908,0.0,4.790041874927865,33.08607574568287,0.4119292425527898,0.5754381913916101,Clay,Low
73.52637635588627,17.344152932111328,59.4635681801101,6.5198621588285555,35.9600281511708,0.6617519368777993,0.8126271860547309,Sandy,Medium
37.277530378055594,32.25226009346997,34.75192612486887,5.210841963207266,36.192259570505236,0.6050076101913682,0.7275659191948858,Red,Medium
83.58951642657041,8.685016849080913,49.63209159457026,6.405136190819482,55.7880441084636,1.1649395612931226,0.783701814970261,Loamy,Medium
17.81523865789667,22.909439834835634,2.2112394787729883,5.643778507054522,29.768265557638898,0.4031051109205387,0.37814402409958925,Silty,Low
141.76307833437144,71.07819153810536,58.9547874257639,7.466803641856751,79.24367265779698,1.495033046092271,0.8969761967782091,Clay,High
34.884783629715784,5.105533859188572,13.79102132345594,5.5008561962932845,30.417236132705803,0.859905668943759,0.1659538582662582,Loamy,Low
19.53338049874783,34.2930769910614,30.386492861047888,6.114235650013533,45.115277452544,0.8912677363677706,0.6346695729167086,Red,Medium
76.65325770465661,73.6183866820007,65.11404395954709,5.790544626643267,40.05976282603599,1.627714038791684,0.8946227200184657,Red,High
47.446598776732166,73.77070729666077,70.55546215032864,6.860541632077536,48.54804277284238,2.0210363644640337,1.2491866185927294,Silty,High
55.19719514642542,14.489359990166818,24.376074421410337,5.503851131759138,50.19432721131657,0.9490225034581605,1.0507754384222656,Loamy,Medium
69.42142649880117,40.797367273627,74.1649227314067,6.840589327579291,48.439305428498834,1.3741116932804147,1.2137314919375302,Sandy,High
43.582569217370114,18.645566072169984,44.89718499073847,5.7578285010228685,37.80678001886373,1.0006806533169084,0.9814858397178792,Clay,Medium
71.57307884264286,62.90138567064275,29.652227688844157,7.617628490279532,37.637794925905595,1.1055286785043483,1.1060055672462967,Loamy,High
116.54838720028533,63.890828581159894,73.7046780527272,5.223950728788774,64.03785611744908,1.469326962204812,1.021332586585638,Silty,High
30.583573704865323,2.512361859098661,21.75011422345982,4.484631943540169,23.313277539758758,0.4744882725400144,0.21888458473018793,Sandy,Low
48.602588716651766,25.733544483054224,38.35313016786896,6.27635848705046,36.78596184924145,0.9521283425976834,0.7588011432334633,Silty,Medium
30.567639148177832,15.834600267357347,22.45860430824709,4.205976868088202,25.63228393221417,0.44318141189482063,0.19557709621622113,Red,Low
20.438260271258915,15.15626666042077,15.312801408766447,7.17136341345017,23.37384849825987,0.1,0.13201224522740962,Silty,Low
69.36405617254293,76.2196130973903,79.8654399974807,6.460289166828019,58.61419831098304,1.7759654950945742,1.4956876302030195,Red,High
17.812904333005772,16.606343623789513,40.81263454721924,5.275849658107334,43.3364447810853,0.7405125325113898,0.46920439391958646,Clay,Low
32.54886200488082,20.111147824092388,14.062374744521119,5.3698911638839295,32.84951111155747,0.5084611826559872,0.9021796754938922,Clay,Low
67.33620574491972,23.510619613207865,45.57434587212075,8.45487001527215,34.45157206211125,0.7328382035518208,0.8161469778266479,Silty,Medium
72.3094112787341,63.15613496209072,46.732973891198895,5.273851648061197,59.023195273610355,1.0412267080242101,1.6751152955743263,Loamy,High
35.39701299726883,37.549818740220715,36.963632599255924,5.185289624105917,70.47956992086351,0.6495098590521278,0.7768232823507591,Silty,Medium
66.21566231428288,40.81340067163236,49.54822952805271,5.738559169815196,47.14088219756196,1.005392527728699,0.9847710896036836,Clay,Medium
123.36221113511564,43.37143257556778,67.8600096518945,5.8560095042760825,45.123932848671984,1.3327400681873978,0.9782534990540086,Loamy,High
31.789544475980595,22.231384683598854,52.346629055530514,5.7736128837453,39.50711976800626,0.948604648471894,1.0384245533131848,Clay,Medium
81.0062094022506,33.937373220438495,49.716664642180646,5.749431053964339,78.98906590774051,1.922836511715292,1.0087462575012256,Loamy,High
65.28277567238582,60.44421443702653,63.39942046745099,8.773050969867718,78.25467771872098,2.2499817429960234,1.4379799529854753,Silty,High
59.10206798637441,29.162840360184763,63.563312608740354,6.723423506439937,55.046123219624526,1.126458850550892,1.2028586140193887,Clay,Medium
23.952308118004485,6.750808193474791,14.825692951926385,3.944434916093492,36.5365674558564,0.32497163030020243,0.450360179916846,Black,Low
41.24772914294181,31.853910939335588,28.359600681007812,5.84574174032548,76.88828350328046,1.1833799492331325,0.7617593078434068,Red,Medium
27.430558274130036,14.647442342833937,26.30059195771129,4.432586756957713,20.41612325015732,0.6088469096920491,0.20964448435840838,Silty,Low
79.40581224197886,28.40927093795901,69.75198600897515,5.383368037869905,79.53535086058643,1.8189155791548144,1.7683035806219096,Clay,High
19.668162178537322,26.175519345812578,29.344896766035546,7.546166850721608,45.87622408863818,1.23002564125495,0.7572931992388711,Red,Medium
51.47796763985747,47.88224845478793,47.73949706809518,5.331967608209921,65.470169657037,0.8621553503041061,0.7197855727471373,Red,Medium
46.10993392174751,34.099182222620925,39.166103946670184,5.9398257278937745,37.40853139023136,0.8711586090705471,0.9606059100673371,Sandy,Medium
101.97874988633518,52.89436146575531,59.932377310021515,7.078574017416628,44.32797655957982,1.7977416898132843,0.8181890104526159,Silty,High
78.59842445856096,51.54836266259899,93.7541392369455,6.794631005026709,70.36660993263065,2.687971836871203,1.3631356374736268,Silty,High
36.08465602635488,33.00724029045307,36.405264256868904,5.953530400149255,52.04074222000249,1.006277507385331,0.4576836539492939,Sandy,Medium
61.58542313864403,45.57383147356222,76.4236152112866,6.027461362973871,41.011255427895655,1.1265710046913142,0.6699123218299309,Loamy,Medium
45.35939025946327,4.161806859054032,50.026678638000405,6.254111232557769,61.2547726030828,1.1419765467130876,0.5439555547708821,Black,Medium
12.679903812803932,23.08404774522398,20.379255160509704,5.745755767648646,10.331077491219524,0.5541711175707592,0.33440775029019865,Black,Low
33.40039044983285,24.52629823274877,36.41410038084101,4.648645462559427,43.35080835300719,0.2693905237888634,0.2254420050421751,Red,Low
32.300421912608535,18.81050554977061,31.718527286548728,5.058389224531577,30.56048946295527,0.6422235983019774,0.3007230809892399,Silty,Low
31.218723838277615,17.765697526954902,18.619546909652918,5.042051130211632,45.9455950783833,0.4964106988589109,0.33503646960923716,Black,Low
62.51013617984627,42.19817927248955,49.82847234152303,7.164666858464707,54.7747648225629,1.5406620826892146,1.0365465842050634,Black,Medium
68.4612775350605,35.421187406938884,78.61949989896672,7.602497870390499,74.16894610255933,1.7905135596730213,1.7947322876420784,Sandy,High
29.840270058788054,38.57240559243418,37.369959717544184,6.306439690316138,46.654158235715876,1.0915200766550404,0.7985872439015276,Red,Medium
8.092349754239109,35.08992932673629,58.42987734983075,7.896038806764972,61.35756038789525,1.659229993723228,0.8571659190669233,Clay,Medium
24.92626837267035,11.741140255861115,15.847597558681006,4.32149296574669,39.517823462490746,0.5959167999001306,0.35514849898354245,Clay,Low
19.845537734956736,13.466529945301678,26.050563461996266,5.646313726427048,18.69486003494817,0.21095567925385178,0.5918117920117827,Silty,Low
43.78600118629414,30.953878427145078,31.21659849695301,5.596166660725484,52.51907450196455,0.1,0.3364195783054857,Black,Low
22.28984291373847,29.593320056987654,20.606459396898074,4.984531874146865,27.253253357540622,0.3945973698860654,0.3215202066334226,Red,Low
102.06409766982574,63.14516294443953,85.59066305551744,5.883968079606301,39.90680489177623,1.6982419826346593,2.061664171796666,Silty,High
71.91107382986574,59.943169882038774,79.64139051909893,5.668450583340425,79.80513629744986,1.6296818667352049,1.2246093635097992,Silty,High
38.320402050026374,14.223329947371024,47.875463514800536,4.765073531061497,47.47316768137834,1.4889110071317158,0.9474006587719224,Clay,Medium
59.44859696951546,59.51367937661749,36.94112446811822,6.718505341606659,45.63166086690199,1.4102260343108857,0.8064535272688909,Clay,Medium
74.51402441147175,39.52453483598368,47.97151388805186,6.83395387028794,49.135172650350306,1.2681436848906515,0.7744883639192339,Black,Medium
76.29857760074938,30.435970308724883,81.47117332052201,5.788352425042069,59.170588281935906,1.9721789174220339,1.4850310807879752,Loamy,High
59.355915191181154,33.572177201885594,60.12889949208254,5.742554480068319,21.41150643771764,1.1930978050305563,0.7018410536839327,Silty,Medium
76.6365621011237,71.22781166304382,47.787958114996826,9.002396358552541,57.240443983546214,1.979660796955409,0.9086429230026696,Clay,High
9.61556707435804,40.60661575160728,16.04662830981305,4.75387620988578,39.69035879353655,0.9554211720036325,0.6227586362407744,Silty,Low
55.42254415191461,12.304902693765058,54.82046097586828,5.0918494891756305,36.36158411668916,0.9490395487906067,0.9179014434510226,Loamy,Medium
97.46479164384559,63.02614655689892,53.16254412506992,8.429431107790863,51.56015312437935,2.915721386225495,1.8162146159391601,Black,High
68.51220956287074,0.0,41.65997101411547,7.281732511935632,57.09412321976902,0.5840829985700366,0.7553811512290677,Loamy,Medium
21.86674558037082,45.43525627066329,58.19269832860891,6.020506548474802,52.25531116544906,0.8848703827818474,0.8732198469032705,Loamy,Medium
82.08687311972643,31.02340677685817,38.72111740272989,6.790264514999707,53.328453628548026,1.4514933814653883,1.0681379027338278,Sandy,High
55.72610845625961,37.279747010566155,56.03491842737694,6.586381374324069,51.30421479649935,1.1707952314596772,0.41858477984961784,Red,Medium
25.163353801684117,16.418608938544782,26.798098440482082,5.114011831528454,35.81864934454211,0.22105713530529147,0.4180659773264349,Loamy,Low
5.3388645340034735,22.03366963562666,6.310006191028878,4.638269322954953,38.949276914492486,0.5745711972636202,0.12378115972962583,Red,Low
27.97794359237117,14.357656504342874,49.95315392496846,6.848238674848083,51.28727104858827,1.3569456533567104,0.8173796128051198,Black,Medium
44.95872525199202,18.465167761412125,33.858013674476965,6.471141496350434,44.58632694950893,1.8694184113684327,0.5239249685488983,Silty,Medium
54.525357775925514,48.570997736420686,62.44650908615705,7.660392023609825,56.15433499016702,1.6196457679764131,1.1295109705077786,Loamy,High
21.798696134078007,18.590607067251078,26.58947287224825,4.935782443202279,27.478237360186533,0.10700484196310733,0.5171522131061432,Loamy,Low
32.84962139570643,28.531519582833567,19.12084973306995,4.383682103463875,33.41297553343347,0.6882048666578995,0.3632063997755902,Clay,Low
59.961252395107124,29.190813956401264,24.151206016871722,6.765102548303562,36.79207367870348,1.0143023226110925,0.853254590969388,Silty,Medium
84.62163368823147,61.203455355242376,86.01388250946458,7.005629175986682,36.29658142865533,2.6836488553420654,1.3650863469119225,Black,High
75.35705639986575,63.51697870617558,60.192594298436774,7.642972866641168,34.82462809952792,1.0097337722724875,0.6719780772442169,Sandy,High
76.12923495270552,58.97397405526579,46.81508561876531,5.65368636881775,43.34032118978868,1.0920019672499066,0.4761442126394018,Red,Medium
12.46758274415369,12.007800805907657,21.131936559814406,5.298199581653296,21.37496358420475,0.43077716158437546,0.5294291160730991,Sandy,Low
23.62685935316871,17.6696214772755,36.274523459795105,4.715583899191333,18.767246033063575,0.6612681197402921,0.6137115045158247,Clay,Low
92.42765408007678,17.067672895516772,43.299569056779525,7.38652394105307,34.933466424112865,0.9992964665592811,0.7347533589251606,Clay,Medium
87.95846009038011,60.206273377584104,82.4177535243645,6.020871212746388,40.60221197366212,2.172243772011487,1.1083426683848574,Black,High
83.85103671033664,22.658780088618155,50.832429040905126,7.096762013801188,55.10025080253283,0.8436806167418424,1.1014162786523718,Loamy,Medium
46.482740279111646,16.083832030451422,51.737179634875865,6.191670629142072,46.41961171068567,0.8164272879531084,0.8598060468660296,Sandy,Medium
41.98323869246149,16.992828386017184,50.827467276487205,5.752795580070689,27.09797209903289,0.5146615998057763,0.8823331234585226,Sandy,Medium
17.87707152523444,28.779784626420636,58.030774699697176,6.038963463253297,44.01428135886889,1.2628974311981458,0.9950076368049978,Silty,Medium
45.06875342286322,24.476675692428838,45.6147641402415,4.370276907319681,12.365493943510899,0.5217324296140423,0.370432980643711,Red,Low
32.528822139786925,17.301646840964022,18.592919541872742,5.465903873661289,24.69304200876752,0.35072343662781685,0.6066842889615515,Sandy,Low
49.30832459639159,9.462321134714987,42.22152696328582,5.7936159898583615,44.443299771872944,0.7486727321847173,0.8154372317975676,Silty,Medium
31.50852101250594,46.44960630827981,35.60051950354698,6.400265300205083,57.454178159234026,1.4691494854426461,0.9948666050813773,Black,Medium
71.01063371683053,37.67524853394911,21.9535718382298,5.977173435079923,60.87921376394487,0.8685331906713836,1.1764233506809016,Clay,Medium
53.36398034175098,45.37218618791909,45.98638135551734,6.541021628582549,56.78948180798935,0.6099825782998729,0.757234404274739,Black,Medium
42.140671932852285,5.716169922574933,4.099982320538668,5.413229339170465,38.65807214932775,0.47361999836036,0.49207099200823035,Red,Low
64.05382644764646,44.10412274930981,71.03561886717819,7.713680063904349,52.46366715222774,1.8432226738295123,1.1816137431227571,Clay,High
41.53522815278808,46.73422358833146,37.52891022055016,6.166322909582838,30.13027177324026,0.8389399501187037,0.9335367367945909,Clay,Medium
52.96935378330488,39.06080514540238,69.05256843554184,5.801712938042472,23.910223570904286,0.5078672809428343,0.6651965961170498,Sandy,Medium
34.21011540656942,30.31727258375932,26.043085018466044,6.59889055081781,23.792642490902228,0.10255634393553414,0.6095720522198704,Sandy,Low
65.18394196416376,61.28157125391915,66.36189631921951,6.728142513415645,52.24769712214072,1.932827815939318,1.5310254968465817,Clay,High
58.04923078805339,42.6656758386219,74.27734003862973,7.209242036123739,51.59340769225631,0.7714810427675356,1.3676035738282062,Loamy,High
63.02499966424453,24.682793936594752,35.35971401155852,6.522537525807667,74.29239076031642,1.409650796801966,0.8499682458252873,Black,Medium
34.0425540679591,5.379782484481471,64.75848673491947,7.621908823324599,50.71382231457892,0.9905345309252613,0.47865019945053233,Loamy,Medium
80.67827005446227,34.44557598015286,37.22424240545725,4.99354347199711,62.563668732769656,0.928974859691703,0.43351855226017755,Loamy,Medium
42.90720908620327,35.280728665741,37.96139522865771,7.021637277189505,42.25106419710237,1.014954972465311,0.7414173028222418,Sandy,Medium
41.24945320744001,23.06337009068541,31.684393398850908,6.231247418756556,28.40943493876387,1.1837404925891113,0.4008331706957424,Clay,Medium
75.37413185239815,62.46356558785303,104.86460294202166,5.929799531296959,60.04587315745691,1.3960213565942723,1.0064363096829771,Loamy,High
85.55394338095535,47.16721790077469,103.98900317233368,7.274381330305261,43.98287526426332,1.236787058799254,1.025482842788803,Sandy,High
11.249534815206088,13.26763105000687,30.612414724521585,5.9631421923759405,43.80542190772843,0.7765828377448888,0.4050798834555564,Black,Low
13.410493208251184,3.242742223870188,27.90301335455138,4.396025107995805,29.34693267834519,0.6584525805713706,0.4646615206520934,Black,Low
47.40320092422742,28.13783191483654,45.29314506411585,5.923031666660063,39.27856764233336,1.388361621659299,0.8600817341943788,Sandy,Medium
18.239712860666017,26.160587331438943,31.462996649297672,5.637146788258559,32.14891246753463,0.9218467475808299,0.6489033353942519,Black,Low
86.76662102997389,41.34224570816359,56.51263551015477,6.852029691403589,35.42612229927371,1.6380720119173107,0.9803841115095695,Sandy,High
41.78527276344634,33.432155037276054,39.8761606829235,6.346103162215721,40.75602157018353,0.6527125701694897,0.6498972193194716,Sandy,Medium
23.73713325089569,15.103732478421852,25.187914867264865,3.9187152407392256,25.00214658756396,0.49543366384245857,0.6126132498666826,Red,Low
28.435202218444463,27.637756094072742,54.632616231928296,5.439380107261546,40.550641901578395,0.7578110913936938,0.7351277268174318,Sandy,Medium
56.82839284788937,24.570687677587873,50.33297590399285,7.0966300774815485,43.61776334613245,1.0642919791952616,0.6230384506240079,Clay,Medium
58.986305151202835,26.905989595279873,15.036652057903158,7.8122849251948985,32.73737051092385,0.7008704695004726,1.1809994312087493,Sandy,Medium
58.43653910898934,31.11232820521407,71.87160174310814,7.226528796667406,65.97183030674005,1.797444415443515,1.2556721838171438,Black,High
92.20334041390957,59.63526273638748,99.57857430692572,6.630462414514697,49.74529842210097,1.678696283682696,1.1582160559955657,Red,High
11.654962836884083,4.914053694447844,23.62908202633016,6.068180178748467,34.48869630137926,0.8153181560325685,0.602305647756648,Clay,Low
33.51259712702702,35.14838893550121,58.48487465120577,6.8239124396799316,49.481049702549484,0.6489889019939619,0.7754821728559939,Sandy,Medium
38.847541476135945,0.0,21.305383045818377,4.842578435533057,16.28498858555851,0.6812241319809916,0.28958996544991356,Red,Low
119.97563815508087,68.13963109354678,77.19179102632185,7.242699241179964,59.85915970821055,2.5397384514554426,1.474606936803267,Silty,High
61.06940803182831,34.328565945617335,26.85274199664599,6.473154175266495,42.77167407626175,1.109199477658241,0.9171828472077994,Red,Medium
91.83061947694473,47.029328843111415,61.07389002910446,6.42095573404076,85.90698766885932,1.803661940599572,1.6342840905579905,Clay,High
21.138880587212746,68.62313360579782,62.528449642237746,6.120432228181208,48.91199815801028,1.2206225560210142,1.6132140653942473,Sandy,High
72.53757808173017,40.74260659078726,40.28923131259419,5.844205667935291,52.73930500899522,1.1961276887998125,1.0392943908541912,Red,Medium
58.89086068616181,28.77638471469452,30.3807195943668,5.754983146638302,48.280483652155084,1.3094748416133428,1.0969750490258623,Clay,Medium
42.442479777120276,29.06351253230423,58.8902648264477,5.977511571689201,40.843211980630336,0.6316826722259193,0.9263496095141169,Black,Medium
77.80973551035807,69.77793702703768,51.92180946688251,6.142506332006764,78.27928181705308,1.7318254277679201,1.4375311470793368,Loamy,High
25.61131992476657,15.213607046811548,32.247138247322006,5.913635597467808,40.841883470160965,0.2825841695094671,0.6548839832119793,Black,Low
49.29075685170442,42.14241278773605,50.48557020833675,6.195690870516586,56.051990402535694,0.9919581742278304,0.6939462775813376,Silty,Medium
91.2046968884324,52.844751698581575,45.991917545381824,7.6624453437625535,55.75642462788254,2.3686902521552935,0.8571628041566809,Silty,High
36.39323967396258,27.645302115657856,65.24681130844378,6.514696136063603,36.49950353443086,0.40141147689877843,0.44130023980350896,Silty,Medium
41.86099225378144,30.53544223142066,16.73379439476978,6.326654723962774,58.33275730176529,1.4368523742092585,0.4032218474582293,Loamy,Medium
85.914428550513,39.13857657671343,94.9162119796269,6.661603415536479,60.399098239110245,2.3689397681887665,1.2455066652566624,Red,High
39.987227627327215,18.99994592146589,36.67566042194923,7.823597444309625,53.59625137944347,1.0323604511333149,0.605197854159256,Red,Medium
26.927096805081902,28.46337614720001,67.45389094353737,7.601582770477526,40.58515686099348,0.7477402945406046,0.4591203510768484,Red,Medium
46.94929546735653,41.68511879616604,54.92849015990197,6.242062465868294,47.40510104740351,0.5918466717168313,0.9381493573393508,Sandy,Medium
90.5700265057073,54.9632507597309,80.71263549054967,5.4866408357753835,48.15608916312778,1.5865749371077256,0.8458862514514696,Silty,High
75.507394098449,76.67570739413374,70.2805392366634,7.51342715371919,65.92177134452633,1.4750197460825325,1.2874407061690234,Red,High
49.88303899304907,14.877382917617616,25.725010202030894,6.1388699119064905,17.945181986224327,1.7862376076652589,0.9513253109079414,Black,Medium
11.862733760676791,26.22495276780888,9.863628443489944,4.387241265479263,20.106486539759775,0.43790478359827045,0.5317435390465317,Sandy,Low
49.93188417384563,44.22574171131967,35.94800463228368,4.943307188430428,42.49999839621078,0.8072589041175096,0.6809628442041811,Clay,Medium
44.62224675872461,39.820189355029356,64.58308523195086,5.019722820592782,30.54718447719107,0.7125661223815497,0.9884632130360503,Silty,Medium
33.88406308475963,25.65112213073575,20.812400405763697,4.528646541365619,32.70279567235393,0.46401562997138396,0.3766176161186171,Loamy,Low
66.79973195715343,35.748682489594735,62.07125164094313,7.469060916382501,51.50776922639969,0.9576682386413451,1.0488717710883526,Black,Medium
56.96164621591498,43.11504253490422,47.48508669555238,6.067892281445285,42.8945014049492,1.03827315339757,0.9346586653990481,Red,Medium
25.28172628155361,14.296886596598169,17.731460034010166,4.173944139967773,41.95092459215079,0.31209466620399706,0.5941392828248232,Sandy,Low
77.42500079477114,42.97081555922657,52.5034335921284,8.455618849924443,71.0992733078703,2.4767781968746467,1.6377739425406703,Clay,High
58.77609225484551,33.495118530404824,33.12477780017707,6.251616019276596,53.05007908287073,0.960349468196091,0.7485344970181905,Black,Medium
22.655217006328968,40.829160866657844,40.95993107297402,5.651977030270131,42.66549151412482,1.1502128731500267,0.9793951906845233,Red,Medium
69.48386106330604,46.95716294610634,53.79651130340737,5.963046039082225,51.93329859055452,1.0997601977415707,0.6405610845977586,Silty,Medium
72.58151442992902,58.17255600813685,49.09149475756137,7.841429099296227,57.58095234676802,1.8134160786115587,1.3537500435954055,Sandy,High
56.959199436136686,40.37121764359311,37.42851696935593,5.2463256021521,52.86797910428079,0.7407111347218647,1.0665952858734489,Clay,Medium
17.292922866910683,34.48275164559663,61.15271168121584,5.687756547290163,49.38033942517264,0.9451617856874969,0.6695711187264978,Clay,Medium
49.098748462815415,52.44643706137684,76.25590780295317,6.706415659752022,44.09761086016643,1.7061422939301047,1.454471949252718,Sandy,High
61.40305121291857,61.63382431682101,72.40916638340073,7.6110744412011435,64.69125282518306,1.4952372470849487,1.5072770167560599,Clay,High
86.73096111707957,34.23911538752785,58.88303321083521,7.496118421293468,52.68843063329185,2.0420916050096296,0.5973144850673057,Red,High
45.16794333676646,8.647496959884386,27.709932954470897,5.839852246874155,22.785103527557254,0.4303542522945545,0.4454931792861426,Loamy,Low
44.71834861021829,47.03723245041058,55.29904350341035,6.2745989684134065,47.3568683420378,1.3491259315907176,0.9899302325402249,Black,Medium
40.47983021325127,23.418061042825702,12.57040134154109,4.3858432652605845,26.733962034034068,0.5345836234346586,0.10167146419937056,Silty,Low
104.39927546589065,62.070637957632286,57.18315515513224,6.185036942339559,73.8058501311746,1.8645981810960794,1.3740515287916542,Clay,High
32.53058413164254,35.43780842634243,39.638299952464116,6.321091964851711,63.13765497986793,1.4158090485835253,1.1276576030844039,Clay,Medium
43.20616895920027,30.21833683604578,23.182939971263977,7.471788035918884,37.923497131114765,0.8814152944006985,0.9693792356633352,Sandy,Medium
109.38278221546548,58.06609721956962,58.710629371223746,6.786287689985211,85.25560933436614,2.3853497728967845,0.8394971065728999,Clay,High
67.45836849597887,31.32277225724255,32.66926375125529,7.243206912048741,51.71713000353544,0.6151925838920045,0.768942823421157,Black,Medium
40.12847049062949,21.906537121626954,71.79170658126834,7.078207591662151,62.88926936700673,1.2293467022731768,1.095884231773213,Black,Medium
54.60145569464093,38.327043984582104,60.58936318250265,6.38887145482787,38.49385909916542,0.9692221516761121,0.45118909545874697,Red,Medium
21.877817250630216,16.86318130464733,29.309466793666147,5.83479097874997,35.34487954827583,0.9827374792522748,0.5104840441303099,Red,Low
53.61237231367064,18.85954881653022,55.471983267681466,4.443627183987772,43.640761598213544,1.0908421798941235,0.64625228884906,Clay,Medium
105.08047771563358,47.06231721682799,60.48693582444198,5.520668588451207,71.16491921807977,1.5951081708276,0.6993893881495266,Red,High
30.828767719620082,25.70512778540042,20.26645205423225,4.839130186049532,49.86264680489528,0.5215806774638925,0.5495211296876282,Silty,Low
53.88742015191804,47.53105435993913,48.66761216918314,6.355524010317479,78.25611052300393,1.442823126492447,1.4511117151327437,Loamy,High
25.696649550363492,25.95013684045024,26.31085958138675,5.181505851408472,37.50315589316929,0.9615851415980449,0.30529159574846054,Silty,Low
67.91084751578488,45.42304385441188,37.55555679999278,4.6911891604485225,37.902919120922974,1.1143562533420988,0.8053209094237767,Silty,Medium
43.62648930759043,44.15498037180741,48.118301621055636,6.869170777891042,47.90878819632018,1.107310449083253,0.9208857713998114,Silty,Medium
29.847667306614078,27.241131729558752,25.16107148283713,4.424324636887924,19.698144033833973,0.33245156839943735,0.45410350346457445,Sandy,Low
13.638947278059948,8.96223972547959,0.014782250933166097,3.5,28.682181770450747,1.0768552900342852,0.7434203142824567,Silty,Low
9.889625389448177,7.503123753135032,9.025274023696202,4.942150920890716,28.175403897880237,0.5806484729936462,0.539378950146771,Silty,Low
26.39822167728891,9.249499946478325,7.555029757428187,4.050719357766183,36.49247801128227,0.4389021164588216,0.1,Silty,Low
78.56606110356755,26.63296106254491,52.178071829829456,7.27117042190799,34.5408585693155,0.9728141352664122,0.9417629383053921,Loamy,Medium
29.972108352408,7.8047427426183775,26.540362197145242,4.569297661515939,33.49451223284141,0.7407973229323515,0.5403855313532893,Red,Low
96.7682210777757,74.93701625937496,67.45518880859566,7.04756129409815,74.11686851668945,1.4940372038993246,0.8761251076501639,Silty,High
78.8795263076811,37.09461623571885,76.0086708700774,8.188019713526323,40.81334689824188,2.129376497990922,0.5396210955912091,Loamy,High
46.74681522379413,33.98932235403091,53.15439440928266,5.026821188751478,46.86513761007706,0.9692639215883925,1.2297106141147227,Loamy,Medium
72.35444512415766,41.00301892846938,51.449411140937926,7.914662454358121,69.82804586913191,1.6719944263509816,1.1050031476800901,Clay,High
31.76887449137177,30.1539750317828,39.689519700174266,5.793762634877327,47.8605550756597,1.0219668440354475,0.6975376128558243,Loamy,Medium
74.42266248215579,56.32476584462351,31.35091771844317,5.668441946729153,29.958444608486438,1.0136929455933374,0.7323235540933473,Sandy,Medium
25.884887262584915,25.06898916050208,26.20420749300393,4.500717939660322,40.59161731741859,0.3160718058159554,0.6611783615599516,Red,Low
73.4406455892781,38.761170469224915,53.21184942693365,6.515912109904319,30.39246874716205,1.6020004167062494,1.1077672135723753,Silty,High
18.215988257907735,15.19148956006831,18.653819614791022,5.89456280460777,21.77695319543558,0.34725744041184303,0.21685485270891283,Red,Low
89.1400724725099,56.84064663502494,97.37660860990219,7.837268106954237,90.0,2.0027681251592875,1.177051722137062,Black,High
53.89654786314142,40.16392935511752,33.363560306053124,6.68128335122136,48.462395415447304,1.1900526143617272,0.6696815001980847,Black,Medium
84.80492126364818,20.786215710726232,52.645327755115495,4.097719878927689,54.0233193937895,0.3889536150374735,0.7045071834621632,Loamy,Medium
65.42069917388525,13.323727344942913,39.68624372581233,5.749732785549268,64.9725842064625,1.0795283023550855,0.561012235079847,Red,Medium
41.39246075735121,23.714922534192194,11.817665375945785,4.913050623131838,30.966777537828747,0.44560814473017163,0.11216181186209584,Clay,Low
21.80741064232707,17.173970956312647,24.645782115389316,6.652698976298487,30.088747714169614,0.9390562618320513,0.3123275690307846,Black,Low
83.2510544622057,43.162138814108616,64.74051551035268,7.699245842231943,51.595260705805515,1.7000373930047281,1.448445394463661,Loamy,High
53.16613567538116,31.183651803267814,19.902226330397426,6.101110046389222,50.459108993743634,1.4736035056407402,0.9449356139045548,Silty,Medium
58.81790852756122,52.22448506085864,96.285137384988,6.101039804640069,74.54789417665033,2.4095922037585678,1.3269226215659498,Black,High
80.40606870565301,42.3475169566622,48.087393496105385,5.826931393380671,46.45445955507973,0.9994151809910098,0.907972650641386,Red,Medium
17.392813215593993,6.267224276103965,21.842808512734976,3.876947863872666,26.76339005006362,0.39779444077317694,0.5085146745963004,Loamy,Low
123.34435258211329,50.736947772333636,73.56493891476129,5.6266510581386555,83.95445006249523,1.9578570504052053,1.2327891248672795,Clay,High
84.47593627694854,65.84159653343204,64.21954183226899,7.956779411079736,76.72763723458772,1.4307399392488438,1.69663188046327,Loamy,High
46.08198162301358,33.76247326035239,12.438399720097898,6.251594881448224,26.669378106045492,1.1503205685317626,1.168938258178664,Sandy,Medium
23.376858189272227,10.532033337600637,14.424189987243953,6.201455361118294,23.078026134800396,0.1,0.6054297915273708,Red,Low
103.76696008498658,75.07055201016415,68.84694518485666,4.8300805813032035,62.36245353950018,1.961060564416155,1.21212438416145,Red,High
36.57411137570684,21.980873824007716,72.66356039491212,7.899477095904114,45.96823442504676,1.2413484978334535,0.6042112274518558,Black,Medium
9.178461420608372,21.71106639761915,26.390222426450404,5.46932456042248,46.42817667848469,1.0086443709210766,0.37797293798292075,Loamy,Low
53.347739291616946,26.046731777663346,51.97474687082939,6.937199622800199,48.60314422500383,0.8227747645849977,0.718016659231751,Black,Medium
28.270977981755863,21.344896770344622,30.795176008871962,4.499664356287558,27.13223871423752,1.0181302020483867,0.39039074446687433,Clay,Low
24.073859064647856,27.06424654977315,32.71808680715029,5.879245670412193,30.26567611357548,0.3106153654026396,0.7665383539966657,Loamy,Low
111.47637693888822,46.50147518637267,99.62837989612036,8.230456130446044,50.02072396814627,2.333206184722564,1.4690133971091721,Black,High
38.51825483314395,48.75797604693212,44.20815221640265,5.406908653135545,49.907372437427185,1.0838429482960996,0.5870441575146363,Clay,Medium
87.76401308124025,46.414182748681725,65.62444690548854,6.895910978885894,64.82518115725364,2.166128920140813,1.326143130948105,Silty,High
43.00286284818094,36.91580545345479,57.489493819449365,7.140746067100072,67.29622409904947,0.9891843192737914,0.9879280186105486,Red,Medium
34.79577437662621,32.31206884669775,88.39386673311228,6.642843388952344,35.634241369836055,1.2868040421448457,0.7062434589503419,Black,Medium
120.06027904109762,68.93536836773454,73.52858599993192,6.547359038777214,64.91490512792478,2.676540317844979,1.335841710546079,Clay,High
54.92899771155656,36.77705906308299,57.04033776121756,6.77232226184927,54.96290341260172,0.8228829597905225,0.5494450287273949,Loamy,Medium
71.9096010589377,25.874171857785704,35.26371206216268,7.37681540830395,45.37462444290374,0.9425885094686345,0.7379082599518267,Clay,Medium
37.29868005142722,35.53404821053694,46.67885523409795,7.32639444206367,61.26543599970389,1.1229960271994568,1.0212235244962655,Sandy,Medium
70.5386186008624,54.250298055117625,77.36926031636636,7.639744018421101,70.10011453570606,1.649106302022058,1.4703214271558331,Loamy,High
49.42827947269019,23.827664382433927,33.70919084734271,5.855025901126255,54.975090670191065,1.2607728837160266,0.5088028900523134,Clay,Medium
53.65686474709085,23.103520988926373,49.20684983671526,6.154057367266748,41.79723154876519,1.101196257897523,0.9063016725074021,Clay,Medium
31.14446215037819,11.90327853346586,4.864674755337082,4.0243983080171715,25.8194913594303,0.24429553642412016,0.3574100588682757,Black,Low
55.428032246226365,50.043532079312186,112.32856015517636,7.2673170746781395,57.2195972628172,1.9609311522023039,1.3702215023501179,Black,High
39.87823547378748,18.90309017578255,45.23715239011765,5.064432099979843,40.43460850213847,0.6773949676668942,1.0563071722515032,Red,Medium
58.35088524808985,15.354987981425808,45.57808345343415,5.437471755311401,40.89221800084169,1.613360772276867,1.0250783629929943,Silty,Medium
15.933078405893506,27.321731056602893,5.673255431528855,4.929254069646436,16.522102498194396,0.58174621962181,0.4300746456441762,Silty,Low
38.012627276389374,13.463208215977676,24.268517478073242,5.674388458189936,15.167787911038168,0.3403805579981479,0.4296949741168501,Silty,Low
48.545923220353274,31.28994764270235,33.52884763743603,6.397427782791962,42.4345891156229,0.8677903211522844,0.7993445287045281,Red,Medium
42.98031114913182,25.97663668332217,49.18069023360924,3.820243275354175,38.75586191605977,0.6046071501777908,1.0847168090636936,Red,Medium
82.02755029493453,45.66478600149121,61.55762946954344,6.987399369380848,56.513474351418516,1.5197286700457444,0.9671558513608336,Silty,High
84.21273795180561,58.29240713700152,45.149493699456805,7.583947273842763,71.93261931772172,2.109369438077022,1.3339689437273674,Loamy,High
76.96956798245414,39.36031898754621,47.800546055302284,8.480106537209085,84.99423436308254,1.5740017300651477,1.0463501724500042,Black,High
71.58810995433574,18.83967581671659,20.4005657013335,8.13401158124973,49.74847944304091,1.086323991775568,0.7748766788560014,Loamy,Medium
38.54527093023633,36.20614093353358,16.7493092851971,5.911666472590672,41.63002755598711,0.8591929304148915,0.6987620022793841,Red,Medium
21.93359077983867,34.59221751884153,40.39851215844508,5.2997747627450575,52.360449068485885,0.9821270332851344,0.7185747306343346,Clay,Medium
30.980336023923762,33.69597280325366,34.30077867880769,6.0890187859616125,67.00681108911881,1.2648134246747536,1.0686087881836834,Clay,Medium
58.33829734945249,14.211919257362766,40.18970007360135,5.971269940340269,60.683977844223705,0.7981312016279215,0.8782690919923469,Red,Medium
49.86009468310186,44.63199582176209,23.541618390349704,4.904433075499053,18.59986786450568,1.18579549254,0.9682067263135219,Red,Medium
69.45276328587615,46.110332794514676,72.66956148914333,8.19932937265289,84.01976565908666,2.4400794788800466,1.3426855229449803,Black,High
21.699643164694756,16.967823035089513,11.212856305804221,4.977493444939871,18.8259195621606,0.7660018765358988,0.5178637303859432,Silty,Low
6.946984684431767,33.21357557537658,5.2752458620655975,4.2611843474417554,21.41260607823219,0.6670823728582141,0.4606032295011432,Sandy,Low
25.78713232690877,45.458900560623114,53.583671132583675,7.4819603016738805,45.68563577139614,0.1258954099466716,0.5461917548100805,Sandy,Medium
75.6056594952796,46.17621246300622,50.34837176176754,7.752830610673087,67.930504286386,1.9105003136214114,1.072591370340184,Loamy,High
49.9227523064609,5.504341113604352,25.18260633038534,5.896464503614456,74.50141775529917,0.4097770779725407,0.5464122696412301,Red,Medium
80.31076649623364,35.223897466868806,57.66827245041487,6.1299169994588185,39.87254093272748,1.1695863667443922,0.675176334062257,Black,Medium
35.78985735823517,18.314504098422017,20.738070445390502,3.9499108078695047,20.2021132800213,0.9692116242623554,0.3824521803539942,Black,Low
37.92748778695446,32.680399001520044,30.287592964816273,6.47990580343031,50.447690767242456,1.2554213017866063,0.6212113372921644,Black,Medium
41.81061868897336,29.83964079425879,66.84161130350668,5.639208704907101,53.06851945536101,0.4828766407588167,0.9640518388697111,Sandy,Medium
72.79269689885909,36.95532405993051,36.47306873914532,6.346397841967198,68.84084242338021,1.247396174018177,1.2771456026586439,Loamy,High
12.847216371661402,17.376155984844583,15.98920530392468,4.266743704633679,26.220617047643866,0.3372146824905907,0.1834935539572657,Clay,Low
21.156553431398233,0.38219640741067806,14.767191924053144,5.740298199672785,25.072783307517387,1.002582725057361,0.26580083010691397,Clay,Low
50.91466905900532,17.880566278948663,32.690377076941225,7.336056792309265,32.71019627161465,0.9941623633365291,0.7253373612007123,Sandy,Medium
10.752819952769533,13.921890966438017,12.246936195602782,5.047602965175092,30.931975797158824,0.6310359750989523,0.3317059494433189,Red,Low
62.40822193985931,69.09791536991624,72.78440599603162,6.60647840126554,68.00828309575274,2.001512292286415,0.7857455192861449,Black,High
68.92333926183383,33.92272782629041,26.203305008802577,6.681689653372134,39.288894161563015,0.8251800170968384,0.5681280003605538,Black,Medium
66.2493585112102,55.681774722757396,93.25380910245595,7.398472376715287,51.00167999807357,2.342328450724862,0.8705654480826077,Loamy,High
31.365631103274364,11.60813985446026,27.97593051888254,4.550665833351675,36.95142427517965,0.1,0.4802956962411974,Red,Low
25.516211972519546,27.993836269760955,26.07612765033052,5.010744078666289,37.87669309614295,0.7105740314865092,0.5049438008084184,Silty,Low
36.279032147769634,48.22516431156516,31.821514708254497,7.105968920052646,54.477431881356026,0.8787291498304693,0.38104904203432055,Black,Medium
63.10507598958039,42.88039717561021,52.038681435042776,7.993306028894568,65.90314723873846,1.6383160975791522,1.6457727248146983,Clay,High
37.29135613263585,19.540576978320416,57.898039578559676,6.413430530993373,27.411231761726647,0.41506529393193525,0.5744714826560531,Silty,Medium
34.40788821362406,22.89011382191761,38.44782453938515,7.75432803610217,42.797880734820716,0.8997275486767357,0.9320361800357673,Loamy,Medium
58.402447422187336,36.086763646469066,50.01816906591002,8.613172867535168,56.93351012853222,0.750580085505577,0.901448880961616,Black,Medium
25.797421140590206,20.814426071076234,48.126890749881525,7.198135290878421,46.82855896653254,0.9649881602884524,0.902240082928046,Sandy,Medium
20.459373983157192,24.504014469734376,34.37367156109306,5.055819016069157,28.83073958221342,1.0823248737760043,0.4163240796330799,Black,Low
48.4176959085442,23.976256449825954,48.53558690628226,6.3689959919821435,76.27983672701724,1.3526494041999926,0.6889938969825397,Clay,Medium
29.38652418204078,28.475410415564102,15.755457871709606,5.232073303851667,29.009063509075077,0.5340350615339918,0.26066418917928913,Silty,Low
40.13745978613974,17.919793184105753,16.88160491751865,5.652506064560826,22.05795618400316,0.7803962884201501,0.6149115595344665,Loamy,Low
58.02596775487189,27.64853979142457,49.84127798723079,6.7040551160633655,39.278300257745485,1.6199218640130775,0.9476185168650795,Black,Medium
51.41589926661392,20.964866528650152,34.036950527032715,7.590226877732276,76.04779727395409,1.428243888290474,1.1102479026891698,Clay,Medium
60.91065844422506,36.61945966592018,55.52619416709123,6.988812354514636,37.10082392168322,1.4035051425523595,1.1408957064053438,Black,Medium
57.23975130990591,25.8537669455105,28.198176600469925,7.318175232084143,45.459215065285065,1.0893094139223114,0.6857724909782256,Clay,Medium
65.65081853254424,30.351865047309293,32.82535478513168,6.12245615611344,52.841832399396566,1.2079088534687155,0.8440015697794371,Black,Medium
82.16281591869911,60.300188306433036,52.20929267607843,9.198465699277794,58.30982884888869,1.7855090633112705,1.408610346940139,Silty,High
26.086072736744093,19.043326329089453,11.85961907426623,5.1907320939626365,13.50778161741269,0.9406500261799874,0.5627347592961107,Red,Low
33.81480545548804,48.282796328855596,93.81489676447521,7.355753972045625,52.598988830710276,0.8859938147474051,0.6335506169437625,Sandy,Medium
13.88671929193378,8.315318678881171,8.2647067456151,5.783005852551115,29.42585945072498,0.5442059439770514,0.41722729133087677,Silty,Low
19.17531173121202,7.163298127528941,15.957899046996488,4.169362061301727,35.77675628866992,0.6786330553520378,0.18714495792481983,Red,Low
81.69695810106725,22.211608125538774,54.03161919489487,6.484417547202308,59.114650694090884,1.2463680628886662,0.7251149948567749,Black,Medium
53.30191910325978,31.99135299488894,30.987728789722972,7.394470886078314,58.7972030543719,0.7640919503268513,0.7538403609195742,Black,Medium
13.278293194504595,3.065629857901863,14.294073480876639,4.850518361824165,15.587666666359809,0.5624746633805149,0.6293141345969412,Loamy,Low
4.94970535090948,23.725618725272383,22.46392169064558,5.397045776452614,44.424925202722626,0.25763616713011456,0.1,Sandy,Low
59.776721092285136,35.293956014382154,29.41236644481582,5.053657049720501,41.744691810191256,0.5761715990354583,0.9345393520159955,Red,Medium
67.83447194153987,57.68371817212832,68.68174758016058,7.081761542876335,64.34168276947555,1.6696778746293832,0.9607234366317345,Loamy,High
45.68520151777701,59.06017647610983,27.813964154998263,5.822226045452629,47.17920472132587,0.8590001740182522,1.0562732991163022,Red,Medium
65.03405621786108,52.917828292102136,60.88998048737994,6.2906768927126855,45.40582945921116,0.9640157734352611,0.8523398698617688,Silty,Medium
36.302531787409826,19.65287302178229,20.551438111846863,4.210198236408649,30.622862084906124,0.1,0.3153031180741982,Silty,Low
82.07760039912473,41.648441049659,61.38082487162736,6.639522948943547,59.500641876251386,1.507138205882932,0.6589958968935039,Red,Medium
32.022643109040516,17.970572367502033,23.203538328069605,4.925933175524847,26.921902369323167,1.0362412133768468,0.22202499951241542,Clay,Low
22.99277702543344,23.86141637007047,36.04771326860159,6.851667290653273,37.43602085595005,0.7394584464134067,0.49931758146335986,Sandy,Medium
51.01356470383867,38.489009870266386,37.51249413721733,5.877898138345719,77.22648176257547,0.42748121040373277,0.8813023550547708,Clay,Medium
18.98096085558577,10.112178532646016,21.354417297063275,3.5,26.84511518081303,0.49833040591600597,0.17533022164691772,Silty,Low
61.15531595348619,50.675220605492285,58.524493377364756,6.826590491612473,71.10528589402078,2.1909333101182873,1.4587789770361843,Sandy,High
28.737581844431027,30.562006988894957,28.924011323904033,5.2007911515181,33.50341034451468,0.1,0.47258146688030694,Silty,Low
25.99569357422228,35.121665579277476,30.631056857599347,6.394308998957298,47.661214232198375,1.0049148802451404,0.6210932904507376,Silty,Medium
59.05721088273859,19.83916424658304,46.04607625029298,7.277835586616097,57.64213158170442,0.8529746341472181,0.699977198073534,Black,Medium
18.7794578991303,7.215907254808635,19.61824127591526,5.321469003578871,22.149471361989214,0.49825449216131756,0.3803102866263558,Red,Low
41.08468058648292,23.693767588784027,30.349885759058147,6.823347993157576,49.70411089731837,1.1017449720595691,1.1004210543629873,Clay,Medium
50.07531384330393,63.069685423337944,71.61035081137902,6.484568100768658,66.25988793136325,0.97491904120727,1.6595398559773917,Loamy,High
71.29179556360953,31.965306302875987,62.97668400261993,6.2069195716641365,44.77356496739113,2.0262149381581067,1.607503213114453,Red,High
22.637884288689953,21.47987681705435,20.80361037504957,4.342474548638169,23.473220134127388,0.44885535838047264,0.46467358700580524,Silty,Low
9.22689218387686,23.32174195267943,21.034158840085123,6.886896337905107,26.123656298235872,0.5976300388262494,0.9292594491975303,Loamy,Low
50.917911371583735,22.143859157742835,62.33919640650782,5.472718731058745,51.12545100217746,0.8079334036074856,0.778346022232835,Silty,Medium
40.89750907056452,19.63401375217663,59.0322871644811,5.9966905495701575,45.01375875069179,0.9619399317122479,0.9242875527263503,Sandy,Medium
96.90713401955574,52.591407322688205,62.73554085114668,6.8018325459223,41.069573678765934,1.7807117841579572,0.8679704153613931,Silty,High
98.92345717976696,69.0365192318266,54.88618944224457,8.20642863466139,74.30909229569691,1.5196479081539749,0.9395502054072712,Silty,High
76.05416624636999,43.678021906428604,87.18970888450744,6.2884285531545565,45.26214953339193,1.4384984540180894,1.0579068799953615,Sandy,High
73.39634450470206,55.693502449838135,71.28234734253469,5.376210908743147,60.38450167418674,1.4137370097799011,1.5000112515553579,Sandy,High
48.76882189431177,44.35632180661759,44.5372747915121,6.597725683262165,42.266206834247726,1.3062328097723561,0.7371722478196923,Black,Medium
35.613320796046054,30.330373195312227,5.607855191409529,4.105035579707503,26.78439433368787,0.5298954316621306,0.3843226647420601,Silty,Low
106.03183412647293,84.15877526699711,97.34538315343816,7.876970941907825,64.93955486689283,1.615129325153523,1.2703078547380708,Black,High
44.720684034816934,45.180340250143054,63.89265586984187,5.721678555380158,42.86218464115093,0.9593140214754834,0.8353316633934398,Black,Medium
39.135559661950545,47.68549171068268,45.2198149870557,7.930515560689366,49.82597061245048,0.9209244291112204,0.9464372399655183,Red,Medium
23.354267083017923,15.949651127446199,5.076825394501881,5.048875367143855,9.328897753906027,0.436555159562685,0.463847278568041,Loamy,Low
21.478235798245002,17.315756784415427,13.159355625221693,5.107571563595774,30.58086406591771,0.3039400053036377,0.46818585609163754,Loamy,Low
90.7367525805891,31.452273746472606,40.649189055523784,6.062085512633814,34.348729323083205,1.1557692079530208,0.6690256670357209,Loamy,Medium
20.07934284507542,10.12045187321191,3.48916667455277,4.775942092988564,38.73335312712291,0.5672751533116586,0.7009035486338625,Silty,Low
46.70913924917987,17.22283523997431,21.630756735049523,5.091974904837903,45.4378673118355,0.5206036759501819,0.3033100726661212,Loamy,Low
17.02114207837269,22.2677721009114,27.652250275560185,4.967418132535452,35.65811572086827,0.19551650007119473,0.44933318183849746,Black,Low
23.834105158796365,13.228863601732503,7.216982639469181,6.013784337755986,23.849705524285998,0.26406040312151957,0.4805338585216307,Sandy,Low
62.143246931352465,33.21725465365298,50.50130980690471,6.585629660544562,50.03675518754648,1.2929586705245335,1.06077960528722,Black,Medium
49.69133275033545,43.769084346450065,22.561664499381852,4.7763823139543335,57.01931345670789,1.4060368450553984,0.5416559922957158,Red,Medium
45.60727819332776,30.130868765342136,47.66637210507699,5.365703816791401,32.71338999409119,0.8596246481236324,0.7880173684632847,Loamy,Medium
38.97436100999218,28.3600063332647,47.39190548275881,6.2968733791460005,50.44474957938278,0.5359785909278401,0.5125749486460357,Sandy,Medium
26.662597902285142,8.073952447219837,7.834710821297149,5.227608447636589,22.42219432685038,0.20567662550200716,0.5937614326165312,Black,Low
26.3131787022037,20.358070896442428,18.885002539031472,3.5,18.632135089462956,0.48982972966750615,0.48565124471268684,Loamy,Low
51.14237267423262,20.655095040645655,51.49698617918344,6.384479371440141,54.922019229154884,1.5240562548675067,0.9209777778402863,Black,Medium
139.4623482253429,36.936532649071665,59.55590755345086,7.711222724472204,71.7853769631929,1.9047033880397866,1.4390892242380702,Silty,High
98.71593754605074,51.14552657586739,87.93430691633363,5.069826078928839,58.80185149072993,1.1706632342073309,1.410193642442765,Sandy,High
14.351641429453593,17.54424703345111,21.11816247277725,5.446717029195202,39.89296995433467,0.667337065538481,0.19028898809005224,Black,Low
93.77721965454819,51.106058596865644,8.307205246907614,6.450674522955876,57.185434303064135,0.8953018962296061,0.7187799975683455,Loamy,Medium
51.62631644074985,70.64164112253118,67.10411213283089,6.058478153299606,68.95489688836473,0.8408360158824885,1.0945411728395564,Sandy,High
125.87883876472262,44.4097092390478,33.52055647199832,6.376366396248773,67.92215451626211,2.0293155095651136,1.8874311141639764,Loamy,High
65.17169064850445,76.73638403886302,62.10298319478029,6.307658487406856,56.57804057199709,1.17403893966334,1.1197943744721268,Silty,High
34.0372226639333,15.789010918343362,8.325407581614847,3.8182651116674973,32.09569747523116,0.537430204832614,0.3202237119816298,Red,Low
110.81092507378695,43.07797582198417,69.42244537944693,7.762443363604792,51.910514227435755,1.6934345118834118,1.2393612311354534,Loamy,High
47.03854341597497,33.346991464648745,50.661010995152694,5.450490820271431,41.50768016082123,1.091616175277394,1.277049963020703,Sandy,Medium
59.21684291269802,27.685387675427748,52.14748782931496,5.7822266353784615,25.4383186977724,1.0159737940680602,0.9789725932542033,Black,Medium
58.44716575862966,35.379853552773156,48.85432969814853,6.823609407269362,42.70382285254458,0.974867168425885,1.2035168424713318,Silty,Medium
27.131729579490393,16.256731853470242,16.64644036279197,5.246074967055802,24.942847980408487,0.48507641692546827,0.27770735282526826,Silty,Low
32.426144385936304,17.282961987955442,0.9162156311068408,5.292729677605276,31.201838427597604,0.28162445199676966,0.5591886436181892,Red,Low
81.85266760705574,22.235888944717374,70.8532733962118,6.534426868718158,54.760959206299226,1.3901551801883882,1.2143795785592357,Loamy,High
22.292956108985834,49.81231155865621,41.067708128458335,5.581873907805494,32.45891580945603,1.1812196202358765,0.5343449667987645,Red,Medium
62.34278183832789,38.5501665663374,58.07488907965344,6.907931152356173,58.55315304828322,1.0960409262889192,1.224538367317524,Sandy,High
47.75753170657781,53.91223436971397,52.787456873565226,5.952584245095122,73.24032762925236,1.6769335968019725,0.909295124654172,Clay,High
4.554849100847174,6.204574975983457,26.934570713186815,4.900588316873771,50.40643601677552,0.7614296386408204,0.47390379429371965,Clay,Low
57.46852292911828,18.966596497744867,59.662934400920825,6.737710871214594,40.43427704837796,1.3581996804212513,1.3131354756099938,Clay,Medium
21.249877483398983,19.803786805403572,5.927654399685526,4.895644166924058,30.435773298306113,0.9517594664427396,0.1,Red,Low
72.60987548529657,30.340513546213682,41.94390160418003,5.7333927800942615,34.80873543684691,0.40224387025005437,0.681572645518286,Silty,Medium
67.24663595152536,47.285726209320906,60.76471371107744,6.856651335938666,55.129210666737066,1.2540498422264044,1.2740146043053948,Loamy,High
26.316603027550578,13.121436494091023,19.76853594906375,3.6645570607504228,32.038689205164715,0.48326304461684655,0.25197713555882784,Clay,Low
65.1641591194597,45.01266458458102,32.86249806130627,5.985538101405286,44.899590974041516,1.3598645663181423,0.8520114415789557,Clay,Medium
58.15699374214947,26.439452507479754,60.36663889224869,6.398604274063839,40.01653672318069,1.0044630366211387,1.091024231325732,Clay,Medium
40.314688623029426,24.57769933544963,51.9151689271315,5.700821951483408,62.57494096217319,1.2032560916659851,0.6278093344171297,Clay,Medium
69.14353362125688,58.88567179336683,98.20477191928671,6.56636585740132,77.21178254737987,1.9497021792304066,1.2567361568576905,Clay,High
89.7027989856491,49.95761550112856,53.523198660180384,7.8127559360234695,63.287125095130456,1.6041984379158394,1.6252158521289635,Silty,High
108.45641607458177,41.67736871209296,71.38452063064831,6.3707426212913605,50.00098647411849,2.2518323409067427,1.7697406388706798,Silty,High
84.13982503325,78.22709572293996,34.189592840743444,7.239411097143199,52.54735791612887,0.7104951109821049,1.1490515727198125,Loamy,High
41.5032129535936,41.69842057221072,64.22247300123645,6.389842557904382,47.4454674209355,0.5221327536451997,0.6624439501020177,Black,Medium
49.77461823426506,34.46473337651356,70.30404733155717,6.055584135049119,58.738428464252145,0.7920407733296158,1.1927237744077754,Sandy,Medium
74.55601797125081,48.48838502507142,70.23155737360062,8.000138636399516,60.23207238268797,1.7700485838490512,1.0623380938832954,Sandy,High
82.2269564321783,51.3979688364613,52.661892389269035,7.9787864308667,57.28311639176466,2.2989528113293263,1.2535681422571363,Loamy,High
90.3880251449027,42.46015363508807,73.87524674483983,8.635499650020396,73.1034744051412,2.369531302901172,1.4441161164858118,Clay,High
93.94631118242602,64.68595565065858,51.00191259590112,7.1225726001868095,59.60698755028488,1.8426704707995387,1.6128700261280007,Black,High
29.68369503503997,41.7528784792444,29.650801093488663,4.857645537633149,56.899212279879585,1.1971400102024956,0.9239983180211306,Black,Medium
33.02740458211732,30.00592210625588,31.604282275481854,6.645642325636523,40.450504743586976,1.20661297705151,0.8541325882098147,Black,Medium
59.99172043662398,29.2170935014283,46.20763119960596,6.58880650273614,16.85331629087962,1.143957723757847,0.8529872831684552,Silty,Medium
22.526495073213674,9.267764347475357,28.446013762128754,4.116418420552054,20.71345218077679,0.6482353907852755,0.3067125841900954,Loamy,Low
30.937565803450127,25.581694052734946,28.220711925409987,5.694096771758205,24.915786489557494,0.3767181488697699,0.3033453698639515,Sandy,Low
38.761009006444795,39.598904773811896,58.21447094617256,6.718608203416077,60.77861134461973,0.5906762627121405,0.41564557937396307,Sandy,Medium
39.650663157652296,29.989385340471003,22.762441878546515,5.680631802123339,27.973271001049167,0.8197090209739089,0.7331986713457509,Loamy,Medium
62.8305002383651,15.156134001684709,56.42580375008971,6.489403757953168,44.82608281556682,1.1318281692225987,0.8650015341789761,Black,Medium
49.08238627960574,46.02333036281017,35.5531305868936,5.576089619059924,45.25951182551379,0.6108300629730956,0.4409877132800455,Silty,Medium
44.188807640733955,34.964348038930346,18.438219702186494,6.750500393952758,42.40835130214575,0.6004204412705549,0.8596111037085222,Sandy,Medium
35.048193146273036,36.650390994579006,58.365625070325855,6.217646819621187,35.58886957075471,0.8967259790594815,1.0080149029141743,Loamy,Medium
45.90662607380487,22.628466070273447,14.219855414795191,5.2694441569658155,24.356687249544365,0.3839159307804254,0.6941570849223085,Loamy,Low
92.70732355091089,78.23854175289802,78.96835082356516,5.702012682864737,45.33945338409973,1.3843173418085115,1.294214215225565,Loamy,High
16.399667957083366,12.19862851040943,19.19253191885107,6.229715347299601,20.668129343765525,0.28553012004741085,0.216034746874108,Red,Low
78.88624134998204,41.45282832562058,62.195270659546686,6.187640729138069,73.74817705411542,3.223279519334085,1.4042420335938264,Clay,High
30.505598689842405,41.07058704543339,52.15225014039584,6.027119202647356,60.56000779531142,0.9563320816655254,0.9904473617869297,Silty,Medium
42.282610292883696,22.496269275617642,42.25356089164794,7.073640535115878,35.91214079148619,0.8655379349447628,0.5817981059547193,Sandy,Medium
12.776781652798489,17.180356840536728,30.3144090931837,4.049930132681033,19.290497613750656,0.5033207308512416,0.803999531477795,Red,Low
57.52740863363321,35.86148948361486,36.925761196813475,6.5289066814279,45.50110214144381,0.9606307617801529,0.4545201813899106,Clay,Medium
26.63168352257654,28.327505811774206,26.803274459450172,4.855988242146092,23.720744469931816,0.40329670831326303,0.15530811469131817,Red,Low
27.60598634420569,31.723368782393866,26.283203232788765,4.494602213903415,15.60631724481194,0.4704274990709026,0.5661176004289948,Loamy,Low
24.00762005822593,23.736003477724793,5.027419772943388,6.22292748410227,18.875165517762895,0.7104957591351466,0.37100688095958806,Loamy,Low
20.141551966712242,16.071184752238814,23.55604585051493,5.4202671802966265,40.58361511823068,0.8579077318233708,0.4797278784198064,Silty,Low
32.55258582691266,21.42975738324918,15.507953685746342,5.22686390806589,31.528546897582125,0.40981795877069943,0.4943141732395601,Sandy,Low
51.62602972806572,0.617235644492709,70.5531659997125,6.1619268558237374,36.12063735001243,0.7353202935649856,0.745981901486598,Black,Medium
35.33394252693867,38.827171064658046,68.36436129203722,7.056457278411921,53.52406039534936,0.6694215924527827,0.8430263804211271,Sandy,Medium
18.74486316992953,14.594159435607063,29.545519583330766,5.863204928570076,30.67410269515258,0.23316227661310573,0.3667934430208215,Silty,Low
88.10806222542837,50.21005410547113,71.86737955813128,7.2752111151754555,65.33920655779261,1.1953572772352894,1.1790859888564456,Loamy,High
114.57423542612,50.19303949665824,76.81344320716975,7.690336720731442,59.44383992115672,2.1823312539446826,1.586608672800651,Silty,High
77.19548855528768,26.231885759592245,69.48893103414727,7.0146395909267465,55.87618319668856,0.6831909389099894,1.0057844346520277,Sandy,Medium
61.25282712552256,51.71343205458413,37.113952687131096,6.739500320835759,51.39189348501888,1.9302450852647655,2.0686201401293047,Black,High
94.1147660319881,65.18503521882934,62.593646612726566,7.060476842842695,65.58776869639497,1.1344232233980187,0.9612277808558785,Loamy,High
26.009690695487457,12.331498276661847,13.056238601461555,5.0371545252301555,43.52489067341266,0.5718734930689363,0.7120915495144169,Clay,Low
46.3312731343359,41.83562463517687,34.62094541329765,7.624241475067205,25.712651163087926,1.4646440719040736,0.8397974632039431,Red,Medium
39.052582976651074,24.861291961328554,13.699731122069387,5.520062688683821,54.5157084935077,0.350036987552799,0.801317132014916,Clay,Low
37.70736984626793,30.54384218150898,20.536660027154056,6.06780442475297,42.84487307373266,0.6276759052662741,0.9845259428789591,Loamy,Medium
40.15419579472238,29.42132671424602,48.26128967979017,6.458576968373595,42.098894816102955,1.1259734881218317,0.8088512893354233,Clay,Medium
61.26941232673421,39.29352085886159,41.240428011159274,6.941418235828782,34.24053403618454,0.6653036485420022,0.7647239080753903,Silty,Medium
52.42754498362684,29.97097609367651,62.52965601447976,6.170449251837169,81.55481470912376,0.9081411717217048,0.5974196795647138,Clay,Medium
39.076480378411475,61.62171485974281,52.6058706950293,6.771399658937267,40.45744879435694,0.9320390214917532,1.045622838257894,Black,Medium
13.428490799305946,16.02153195513956,34.510473056343116,4.837838118921368,34.16151557274196,0.526654883053142,0.6533265143286255,Loamy,Low
48.81761712411844,43.17372613311349,37.58547619947584,6.419514455890271,44.76991946904779,0.7791232303246515,0.538309137151668,Black,Medium
46.50785233497119,24.673965532650577,40.03911724366618,4.891362116413143,37.39698085877572,1.0056607951900016,0.9751396717134182,Sandy,Medium
84.35813232027192,42.4043544616818,93.9910189326624,8.760986255862516,71.83983206307899,3.1784203783062424,1.0595489359701042,Clay,High
34.95557714366494,30.585607084175102,71.74479861443555,6.175072698075232,32.11571722171657,0.5443698737014152,1.0708048646495216,Sandy,Medium
5.366374723151292,8.971251642325722,38.21243837499543,5.582165519184629,30.654613755583053,0.968519961556254,0.772498729106073,Silty,Low
25.806710634151667,13.343626543103387,18.15396712514865,4.059572516939915,15.096136238159401,0.10656187146258367,0.6151806612455,Loamy,Low
17.965843196806542,31.89879925426029,17.349456571345254,4.003669260355666,42.83778898065469,0.8564477506319741,0.25691081995193804,Silty,Low
13.791170440133136,17.03578644433825,22.078291474408548,4.8540318586192,10.629977441482325,0.30447117150271574,0.5466333774397275,Sandy,Low
37.10757527950776,27.86680103515579,60.907377278983525,5.268651066775981,54.64987716022276,0.9641165662710572,0.8738583458867084,Red,Medium
65.32942930397583,53.9199174775926,59.66932856625286,7.198288893632895,61.15203648863993,2.0900294255362932,1.327893208221464,Sandy,High
48.73806973382092,55.131178992305394,67.81620277307007,5.995786093030747,54.662833406454105,0.9261761468107603,0.8205919818112326,Black,Medium
69.80800329674416,45.41809996481356,44.89987558295393,8.051269555262374,41.61975512167493,0.4678398104902107,0.5087661550539485,Red,Medium
86.18114996108184,49.18894562192285,60.75676033121296,5.943949176139809,68.12496057329116,1.6591004346344178,1.3718015057849524,Red,High
18.3311871798328,6.330154997577701,5.542004040006425,7.218656114186546,40.30356099980979,0.6733150528431132,0.2985707747423588,Sandy,Low
31.00668647734575,26.52349127586729,59.914219561154944,7.072596293539176,34.35942398053574,0.8555551849527574,0.9848070978260477,Silty,Medium
53.27337991732369,37.42032191771293,48.69116662212957,6.603316342152229,38.15563391460988,0.7847076237443553,0.5705970326654624,Loamy,Medium
65.06015383339506,18.88590728416498,47.275678929491086,6.746596771878448,23.959194774143853,0.8688256699591344,1.182166244100842,Red,Medium
45.590857018754235,63.21675247376255,56.036211292346735,7.5221762370834835,53.02893703418994,1.6777263733469747,1.0994880248023742,Silty,High
48.423388135128356,20.068344908582546,54.876706659464695,6.54022816691514,26.601613910750185,1.4974499976726936,0.7812166488760107,Black,Medium
64.23298675246697,36.610664665959824,63.78068169168388,6.165363582235671,58.413152634724476,1.1842528624106354,0.931679353391472,Black,Medium
33.93553610915223,14.45643615752123,14.587329560001521,5.065172096683617,22.398985589207527,0.2674738716816767,0.1,Loamy,Low
47.839469972226766,12.747998002961783,40.034602998211454,5.382208220808906,29.50241978363895,0.15985477196290393,0.42084040120368876,Loamy,Low
29.01662517967337,9.339292257125466,11.428346547508477,4.323058281240266,42.78154927362701,0.9116129046661021,0.45526071029416537,Red,Low
37.01080129841291,10.17141167308036,21.51823327600366,5.424076199682291,19.234794535412405,0.29390446949286897,0.2915272357462314,Sandy,Low
74.66762969580937,54.05804004762797,45.377510362838734,6.18542513036577,38.80190710008044,0.9505238940350987,0.6989512146839062,Silty,Medium
26.269182505617113,14.757496457677055,19.104119373859024,4.970181860449387,24.14192908746475,0.3312420076128875,0.557195388528625,Sandy,Low
54.16847141124796,39.71019333585166,57.97102673756516,5.833552671975544,35.027697325849104,0.7683830575246222,0.7656450334377105,Black,Medium
36.68743453296146,39.687248041961354,15.584945373665612,6.0915462384198005,54.005083570204874,0.7189668906320955,0.6375884000434433,Sandy,Medium
62.76396059176159,68.80137921517615,58.678355729660296,6.481910074198898,31.686441568526696,1.0150481268927238,1.5832137700079307,Loamy,High
29.991336477090336,26.063703692694578,43.6499318840146,5.443097814274595,24.584306205577207,1.0285500474957128,0.945973883678113,Clay,Medium
51.928854764403525,54.810626737577145,63.70477817233405,6.821501383052527,59.24683876275621,1.4226117641448432,0.40501867281963055,Silty,High
89.59980330950178,35.21313955295823,75.57010644788409,6.23752864675073,56.55335988656951,1.3772658673746063,1.4003405323426341,Red,High
70.10791696969594,32.89424276211999,42.2301633200935,6.67581244437248,37.988959589845884,0.8095540482059344,0.8872573593390237,Red,Medium
53.31608135835977,24.687173949004958,54.26567110946178,6.837330661479927,57.09152991774441,0.5334201421943414,0.7972530130617596,Clay,Medium
0.5106466120443588,5.673341852998059,32.890336088401874,5.358337223204592,29.63726250822773,0.34416782691304953,0.22483429483432324,Clay,Low
76.58758148884685,56.80218057123936,62.501883046522465,8.29198246498555,66.74984023664932,1.9661153716866824,0.8612190289444961,Clay,High
39.59046861370655,27.658086130683444,47.92291550738388,7.611858625248792,42.96566919932454,1.0346047080335532,0.956752523054132,Sandy,Medium
67.97337747174456,51.103015070218376,64.75562286776537,7.391649512907579,80.97753069140474,1.9978769043043731,1.495477841665242,Clay,High
58.69753792447754,40.4524598051713,45.610037401774555,6.970658665923974,31.744751775424312,0.8076069434464501,0.8861123049015269,Sandy,Medium
88.79201765643879,36.51653784045459,61.153307233449105,6.935784863348669,58.80047823974635,1.9775268736914082,1.2686359573221415,Clay,High
39.773495947100294,61.65778120940654,42.68625412003274,5.244446096647655,34.187898805434735,1.2942741394094903,0.7299866370619401,Red,Medium
30.436122587828674,14.675408897775338,27.53419511119351,5.754896217959288,29.470171849276905,0.8760142199715841,0.10954635127201973,Sandy,Low
123.09453174927593,79.17203458143098,88.61905387830265,6.185288453328681,59.57538538894255,1.5412854551747501,1.0306404713485864,Clay,High
23.31856164264572,17.10801468284846,31.61825465615775,3.9355304181762176,30.52645821269139,0.3081009421421988,0.36700531429950267,Black,Low
53.384936551009766,35.433347426317624,41.36215292919218,6.696547474392926,39.845820570928296,1.316102367211484,0.7746362151253267,Clay,Medium
16.567346948416517,16.068820316266546,39.70639256845922,5.055680360928187,20.782680395193484,0.8441888966723886,0.33505288155748425,Clay,Low
69.59267813595909,26.501642676894395,60.774295742930434,5.5605915323769715,47.58333817598396,1.5617985587801189,0.8569983294518945,Clay,Medium
23.03945505838181,20.05634282368539,40.05149272048818,4.040253748280412,13.622499668184624,0.32907803746974207,0.5664070841051986,Silty,Low
31.793773639377825,34.115121865615656,31.454849255123726,5.354835166248443,43.5913293515296,0.649336945867568,0.3371873901671036,Loamy,Low
16.973801389063453,17.679409003623057,22.75018405349604,3.6053630813392683,25.02395698568405,0.42148769975349343,0.5185567400783713,Sandy,Low
37.44699398003651,13.001126780383807,52.24413149734858,5.704730112418069,56.40204372593617,1.3692260456487706,0.48030355148458165,Loamy,Medium
72.68195856542951,46.86199853276809,18.84344675707453,5.488395229598435,30.637833930994923,1.107041826544115,0.9109318571668094,Red,Medium
99.01439660682213,56.07166387713771,77.37429778319756,6.571505681953161,48.23376776602918,2.031403864759196,1.2645861663458349,Black,High
33.66149916725008,18.68689135330593,31.949083645848315,4.83755273230496,15.559754301202666,0.6344928806603694,0.44274831979006585,Loamy,Low
80.65273741777672,40.815526550300056,40.54403730801049,5.651637483228284,58.92584092518699,0.619469065380843,1.3175002614542553,Loamy,Medium
44.92555736066172,16.524209719418273,40.48821379702339,4.585592045221438,30.188363785467,0.8557678070891231,0.5391738846052481,Black,Low
53.35693396559697,46.732274335978786,35.536933979372584,6.858032848894722,43.370077122667,1.0117622319747817,0.8386010476111786,Loamy,Medium
66.8960770954939,56.02905152907388,66.35641602060593,8.315462354814816,67.61648001475142,1.4574334474938149,1.0363190688385393,Sandy,High
35.841833022844895,36.30760314763511,48.33138457218415,5.904903435660821,33.97355482507169,0.7145310082980538,0.6997688994931137,Red,Medium
62.98943261016961,32.89961407180108,37.71438678622866,6.485566435093765,48.61392377718508,0.6772912705461809,1.0184358849387012,Sandy,Medium
44.59681580473424,32.471864130730985,35.68382810642177,5.417719895589269,23.399943093193777,0.5769335994520514,0.9492881085325174,Sandy,Medium
23.413352964433507,23.000281580784346,39.382000189948215,6.123599021870118,40.00795659097815,1.0078255230524509,1.0948359763801276,Sandy,Medium
38.305857274618646,40.68333672765729,38.551625413699696,7.088629175879386,48.485361161377924,1.4237612630110397,1.049397545065191,Silty,Medium
74.76256782612609,52.635548156444194,63.115944678922304,5.544697070715085,81.13300032144193,2.013062669714149,1.1533924052573374,Loamy,High
46.237310630894484,68.1031765405106,52.29733989715845,6.723802080938415,64.67959953018888,2.234274533748336,1.4875522957370628,Black,High
93.99785053124053,42.929475051209124,72.70789691628252,5.545005026954905,82.30779007988679,1.110922773996346,1.1529968451482235,Loamy,High
83.26856830864102,46.59738662077597,86.30794013032994,7.104210914366517,55.98217352002829,1.6438955894109004,1.591516127975662,Silty,High
33.77966569575342,25.512831144464347,49.697477824212456,6.682693268821632,33.39542150321485,1.174737976791987,0.6240076891589929,Loamy,Medium
33.88920878966846,28.81096566093662,37.442472625656514,6.266785321960191,43.55227722385011,0.606353325985465,0.5132629878310333,Red,Medium
88.72473729128326,58.806177348922674,72.33170974336737,6.089253856538369,64.39190065107687,2.7661723372933924,1.5788787938092002,Red,High
5.360353890516042,44.75563568283168,53.43926424529775,5.964937624578806,25.937557024927024,0.48273581363446577,0.917767529745473,Sandy,Medium
33.607512193680094,18.691545106945465,33.73434715328133,5.358702598274572,38.28795380160681,0.1,0.1978177973104572,Black,Low
37.875256633902666,35.02689207705444,19.357642176131222,4.485018197067142,10.450314557421969,0.7272553033775594,0.3209656964649942,Red,Low
68.21192159930973,88.48228243741227,79.97387813739947,5.735579558986339,65.01786925236662,2.0239798211511957,1.1869293860953567,Red,High
91.12969921140731,53.76937284733492,49.20095857110198,6.83089316207229,72.00350150370268,1.0397468429470895,1.2973858884775762,Clay,High
11.737113221365501,16.256105806933903,17.881536531657012,6.193023526507576,32.201183461773674,0.7686508603155038,0.39879324519168324,Red,Low
41.46901232659934,31.066902484340964,31.364345010614354,6.199885719491605,58.78214033946942,1.2298214325423877,1.1689616917127361,Red,Medium
19.266012315868423,19.87017382977955,22.301701060081363,6.905544328311672,37.68301859441017,0.8032459004468211,0.7723485649759598,Loamy,Medium
31.858184597854606,33.01425827184217,58.38495123385361,6.379682077399132,36.50008352341561,0.3055373958987091,1.0295886287132614,Silty,Medium
32.29536897405356,14.13142250895341,26.730790266296417,5.631028623636918,48.30987298555061,0.6696103369718551,0.8608557682604802,Clay,Medium
48.911137672146765,56.26071202437335,70.78407982465531,5.972498336469166,63.23828116681699,2.0232296338908204,1.2770176151161932,Loamy,High
17.156998110474582,23.735432459170074,61.70067256677133,7.12962106661108,52.48614053519545,1.3199646219558376,0.39835726668561056,Loamy,Medium
69.82599667648527,90.80931965047716,71.14158342499292,4.926507861742314,66.9565359731388,1.3976587874044524,1.576198676700265,Loamy,High
71.04155855447618,75.03432685568055,83.03122089566897,6.154872011086109,60.02341395270898,1.9171050521209136,1.148006286423666,Loamy,High
14.276215575588717,0.13787729138425675,23.391348623320376,3.7077700354933696,20.069612968552793,0.1,0.12327999940296541,Loamy,Low
48.44306935903882,30.15759498985064,28.209178596511887,5.875320728929151,50.51746191052225,0.9343738204080497,1.0009882934292367,Silty,Medium
22.364011425272125,24.676906110271624,42.8277286295277,5.778810358396709,33.34450946399496,0.9709256852670458,1.3546666826013216,Loamy,Medium
51.9551063601316,18.567605350459125,64.81289392654799,7.099794434681139,55.66880967359101,1.6295264920697081,0.7259849019671424,Black,Medium
32.96000913239014,0.2462254292467101,25.548209756370095,4.692811357461282,38.98171824656657,0.6179657126608417,0.10670230247589618,Silty,Low
55.37004363602572,39.217972592179414,50.906346222959705,7.2929018571430895,50.966667875371584,0.9568695381423393,1.0725528619214093,Red,Medium
87.1241225361618,60.05542769676486,79.30637016540935,6.916666573745995,90.0,1.662477099344518,1.5733736319079559,Black,High
8.355234650487672,16.493458051307947,15.532241662460855,5.5043041228923615,27.821702003927136,0.21977084217959,0.6847814244281487,Sandy,Low
28.60661130474928,17.714135453754476,30.839165308804834,4.695767485355368,31.300595547198363,0.5734047649954468,0.15701382290581428,Black,Low
44.94452973210717,30.33192619579866,48.36541934779945,7.418026507189301,35.81475891342426,0.8490325354611928,0.6516818068008416,Silty,Medium
48.85679547495688,39.444588225652545,47.84534917741806,5.5545144007334,61.529923887005836,1.2333236919431112,0.6217391568658651,Loamy,Medium
57.23101460154042,31.27899166782229,48.296960533751744,6.379383363499583,52.54094385377688,1.00619465693935,0.7457662685001153,Silty,Medium
72.5058186549747,64.89125253503344,75.70680099641153,6.587102209959592,84.33470806208601,2.03607818768735,1.2958199972658644,Clay,High
44.519112834637774,13.031498137268818,17.77325462540945,4.064510782506241,37.26731077324506,0.3802842384741584,0.33539359528926205,Red,Low
53.00355065699821,19.241644568749393,18.789162487450156,6.766163229914218,20.637307525555478,1.4474896022318564,1.1628761048977325,Black,Medium
93.73127868359242,53.66041012639493,93.58785854524592,6.489403933098111,28.130882829655878,1.3331496539802155,1.7282296941550068,Sandy,High
57.26241870855571,43.68237322297808,42.97260273302635,8.501112068273905,39.790984521766156,1.2507532166134245,0.9876261920259959,Silty,Medium
43.40059749353975,44.19908512227301,45.73745465125089,6.670457381381818,29.53259876621344,1.3073515400654385,0.8832053056981649,Clay,Medium
45.452516686012004,26.489072457281786,41.097373620330686,6.028637457345362,72.1663547325184,1.2235612186530769,0.6069368367262258,Silty,Medium
45.074294217018995,35.32344958463356,54.76900633917584,4.631048798286632,43.15568983670837,0.7779998447098497,0.8651176174997096,Red,Medium
80.52705403642024,68.91183921689623,72.8237748853446,6.937282509046749,63.922317688981806,2.4710733789626915,1.2983487135555496,Silty,High
21.456014582223055,18.26029021875244,38.39568925904287,6.060766583843215,39.332542484677134,1.0553431931137427,0.6949282302081721,Red,Medium
73.91031195004821,20.821156424787972,46.92459036449374,4.875996273476946,28.305542431274088,0.7733702516068481,1.0696802951229825,Silty,Medium
33.490457467226044,33.396960100838946,44.445003333798205,5.7718948217962645,62.85119292644298,0.6963127904523105,0.8449886961319776,Sandy,Medium
71.75932095526588,54.37831870649032,34.85281189683344,6.989410695399331,52.59616983461221,1.242360982838023,0.7997865600075845,Red,Medium
57.595433525024546,43.50161756661916,62.78864676634264,6.5588380443603915,40.245322021544624,0.16963514080139097,0.4655226816410264,Sandy,Medium
34.95543621976571,7.51983230736837,15.98695671649712,4.776581454803058,42.04743083399446,0.3740227002352854,0.5014341812486378,Silty,Low
97.02313892058777,65.90301072963072,67.46495819408729,5.373334938653538,66.06585269043964,1.9284452373980052,1.3300825852827778,Clay,High
25.103821057406318,10.636021217502995,16.417721612583197,6.44997985777678,41.04103240100079,0.879657713602421,0.23251434545158545,Clay,Low
69.37155388237511,59.97640306581515,65.21597070263105,6.201076828673934,57.2670952974551,1.3665052215964706,1.199644999667605,Red,High
77.33944625852595,73.32129772831473,65.06900642295092,6.424011573768694,66.61350838562188,1.0293014493720685,1.2436463716171553,Sandy,High
5.428889329732922,17.791173434540138,8.366049367330165,4.888157415042799,41.15029624380706,0.9650212976031096,0.4368352711097775,Red,Low
21.785750247374352,2.601789168552843,40.991415597903305,4.365628467503214,43.82770911417769,0.7786005972275283,0.24431769865547537,Black,Low
47.48354080717308,30.28522064691017,15.872869438655513,4.601613469270722,34.72233001794001,0.5475154437538526,0.6359527294156914,Clay,Low
92.17350510847822,51.49272654785685,68.59373017644907,7.124048712834593,77.58347706859583,2.110673044689329,1.0400720326075572,Silty,High
30.451910058344943,17.531104258482646,18.16626467857067,3.922707821765381,28.906294923989098,1.1552892751370196,0.11183218912504556,Black,Low
56.603767548229115,22.410025468666767,26.898672910400556,5.297121874564299,61.971205099977745,0.6551942076914429,0.7100963178363019,Loamy,Medium
68.31488686447088,58.79359437131296,93.52308550860893,7.814148168281319,44.68950735843215,1.6804703663584446,1.3346619133505557,Black,High
73.12774031777846,59.87404189961406,77.91453163757403,7.5122286038724635,50.9973737571476,1.4765397824875497,1.3103403359445511,Loamy,High
23.376675096697298,18.89087988728921,10.740715628605905,6.148088431031586,31.542629471417097,0.778661147093618,0.4253814974521681,Red,Low
17.587810084918928,46.77095733019555,44.936698571149044,6.565142498389295,31.011354973595072,0.6790807466619129,1.0537064402496965,Silty,Medium
36.17126957048969,40.38631617199361,46.280299192179264,6.30357684793782,61.401157417925845,0.6512316049545395,1.092956780143847,Sandy,Medium
30.195656487462536,17.864885421081446,34.72017173033078,5.303094148896119,29.035724700877193,0.851066121515688,0.6448672056789405,Silty,Low
0.0,21.521413005907284,23.1211719306997,5.07559572214016,32.488016705754106,0.46602691952086933,0.5420053351188926,Sandy,Low
34.568386109501084,22.34021272411872,25.937052337068636,5.910096915245494,40.216877869354896,0.4929347071488909,0.5982558685481933,Silty,Low
82.67082866400526,45.07500592151662,36.49268817725968,8.264568551560213,20.77552196812205,1.1412064222007126,0.666825587522037,Silty,Medium
17.268249884041666,15.868042302243333,13.860685413344084,4.885956115000944,26.71352384110495,0.33972259151174694,0.4686114860848723,Silty,Low
63.073872174480655,32.63129155642707,72.97530323439315,7.083579356167277,71.49281790549604,1.9314932402695337,1.6903606972063572,Red,High
145.0129439366589,29.38656377297401,32.84578190022647,6.893347831937957,68.55502158844418,1.6681282962175965,1.4470025248961729,Silty,High
40.89678778537402,27.028200541638512,41.59797957122955,7.07480987524812,40.15911164001004,0.8633093891249883,0.9454477056897578,Silty,Medium
37.28790028423902,20.499998678879642,47.65554840822011,6.723430769811838,35.62048607099905,1.3530786203982277,1.2434860981494498,Silty,Medium
108.23617291643886,20.650149591989887,85.2177962674884,6.128013505984424,83.65161824951436,1.4777410579239483,1.2308234903044972,Clay,High
114.81454135546454,52.48887084769231,101.76482598281338,6.552768695016447,90.0,1.1596183800016697,1.1697774644941066,Clay,High
113.75411201594284,56.59348300450504,34.590669285640075,5.720883310748794,48.83539075806779,2.0923011235271107,1.4754020954237572,Silty,High
63.46221185360085,20.575245983248433,49.492027735404236,6.698014397496187,42.70492488319882,1.0693033895137145,0.8424607576764305,Silty,Medium
11.324874606718968,22.916015844229612,31.266013295022724,5.324665994395111,36.012158509915,0.493619363821657,0.5804398619273478,Loamy,Low
99.40432309766521,31.121952534891186,79.77692349947556,6.554199434957719,56.174365253838744,2.1266823299628075,1.0513993065709615,Black,High
52.908746121952035,26.20976653446582,66.0639703246114,6.563826088239599,53.56961120109378,1.6499719426179917,1.1280392778747619,Black,Medium
27.95974982342843,35.273597705277204,57.13501178980863,6.683451855514629,5.224790371119462,1.3805612569506518,1.024929814050663,Clay,Medium
102.76723350507045,66.55900674959771,57.03189132348753,7.7224041644120796,45.52279999962052,1.6759572381636472,1.2060393524238162,Red,High
34.75608978996112,27.981934974891104,28.236642147419158,3.9128542451837927,14.976429292105928,0.4479044709936836,0.41383769260496256,Sandy,Low
82.48517115927731,34.16446168488255,50.50895289428982,7.190315104758757,46.659501396069516,1.7273186503737108,0.6131180934641451,Loamy,Medium
77.00253258283686,41.82294461640512,41.21719475211458,5.708898900036176,62.61868600723125,1.2702075775219892,1.1302919530955944,Black,Medium
60.184565158937595,38.480654460145075,36.51066398751117,6.0332972860346805,31.788359868419864,1.098232047118173,0.9874747241963091,Red,Medium
24.589688498466728,32.240711070252836,29.923084877295448,5.829103114713574,44.512867044703505,0.48985608272634623,0.48981830224078265,Red,Low
33.6137313994492,20.603295103833204,31.249086272864986,6.313519929184088,42.00019528946083,0.6231585738137141,0.852858810093709,Black,Medium
72.41859212886263,38.02095374455656,35.64043374360518,6.917379501877655,41.50047157186111,0.7023699390924404,0.6304477533404413,Sandy,Medium
49.15534381961876,41.845060313819936,50.1323069648944,7.860460914342797,54.092056886157664,1.0772884773687081,0.7526293195960336,Loamy,Medium
66.24309767497098,18.147304548954715,51.861891478813256,8.341988785229375,74.80681910068294,1.7577203780607678,1.361574350199206,Clay,High
76.23208072315369,71.88489168406477,66.06214484656992,5.305209426376289,50.956895743112646,1.7898320303143285,1.3224163039313472,Sandy,High
27.46759481646697,30.32782960225464,31.551367992173557,5.571198388069119,36.51676795006031,0.9126760383630587,1.1039169179483124,Sandy,Medium
34.40419500771956,38.26503248325789,50.09556294715025,6.592301068442761,55.22594308546649,1.0445022753504607,0.8415931880022939,Clay,Medium
122.46642241355283,56.5151441239007,67.89484403245822,7.130275229121062,59.860658577683274,2.304271644084988,1.373529394542716,Clay,High
35.92273500946726,19.241033235568885,11.299433615256246,5.1322781873242285,32.36992503399326,0.75050035506655,0.5696784510134727,Red,Low
71.40999250099415,59.08632431536119,75.74007004424078,7.171270987322506,54.7380852613803,1.6949305187278032,1.0611954696538826,Sandy,High
33.01802321442369,8.980116774639917,22.852293309364157,5.640878462622491,29.687066018179255,0.18372858858301302,0.2329684905121988,Clay,Low
54.013108563079555,61.51568645707496,70.88313378349581,6.273797649355683,55.568482084807066,1.298709838326463,1.3856469605273847,Black,High
37.34804994012594,36.81463650245896,40.9204695745494,5.836277352292531,19.91406501298157,0.8481822030082755,0.8373784528738484,Sandy,Medium
83.2552495730705,60.72660464736076,76.52055631130776,8.374258968442938,71.16206853386537,1.985929322804283,1.456718051707038,Black,High
50.61416070946797,47.26000177042124,33.223305462313775,6.418647718443967,67.50970243561069,1.1886747708958125,0.7388083432188688,Clay,Medium
124.52362379521496,61.81831542736205,58.654829774619806,6.925930752208183,49.68023620205645,1.5608954634935683,0.9865366899619699,Red,High
2.8451655957828557,5.2187408621693265,31.2128776393746,4.409182627152978,35.3489211180288,0.7495953735628513,0.42298434333734236,Silty,Low
64.21412969578523,70.85472966879283,98.02454198631187,8.20483064733386,30.626710153149265,1.2131590090230018,1.2511645588587237,Sandy,High
6.999540085277474,4.052450717048275,34.06789749625392,4.708616476973154,15.12593661546768,0.25512620614648945,0.49028543579619865,Loamy,Low
15.233999009788459,4.046398980927837,35.24380163221324,5.378732937902282,26.662491387618836,0.39487318679641376,0.6836820664335422,Loamy,Low
70.34900850617214,28.17414338047593,44.60799848215494,6.452888767485337,39.39917068823391,0.921340367298908,0.691605725225685,Red,Medium
94.43940038494117,58.34998482440075,64.74706354388285,7.304565431086876,57.2557739714713,1.4185450886425395,1.40224332334083,Silty,High
69.94041141486655,45.69726790859718,65.0724242598327,6.403194912467384,90.0,2.089528571956186,1.2540880653932203,Clay,High
16.57421764652583,12.77802151135168,28.726146630765857,5.371125904694328,5.0,0.3857080133572527,0.4425935316985716,Sandy,Low
27.764000322587854,3.522495976727914,0.0,4.4171722331408105,32.8224712176715,0.1,0.26816170789688865,Black,Low
122.15798515911699,50.95953607470258,66.27995447470612,7.655307846709409,62.276985251537454,1.6097034565204775,1.509460858760601,Loamy,High
76.34436309894298,52.057077864055486,62.462964724366984,7.725453796708496,51.86338734741368,1.7737009674636202,0.9567990174390009,Sandy,High
36.5034412311679,40.914690878879895,36.19636522019264,6.169672745738861,40.16047435425698,0.9101263507600764,1.0271147746381706,Red,Medium
13.07614146291853,9.45522846673249,23.707756102653335,5.340230988827043,26.04621623086451,1.0281839161438853,0.5664290887085273,Clay,Low
78.44373572573505,49.354038244961764,88.09851989970844,7.786070675695399,62.45590367551807,1.9847203355734702,1.4804330633764737,Silty,High
58.44189886990544,41.90822688071601,49.85126868378661,5.545878659730592,37.867482911847254,0.8634216014941849,0.6645338586096844,Red,Medium
57.54253002990402,18.266967660781994,41.10899945926956,6.2525713461978984,48.183333142119274,0.6254232654057024,0.5221212680812292,Silty,Medium
52.320759754627545,50.74271109723472,62.782765027868365,6.789044113595893,65.28532907531208,2.3713996594807907,0.8021421838345479,Silty,High
41.330822636990504,1.657045275702746,45.36394638034791,4.8271625193659915,42.90383060773035,0.7801974456186075,0.34143196356520644,Silty,Low
63.60654790786029,65.02318233022005,61.224510332504515,6.162914824754339,77.26273873408158,1.5084319198549272,1.1578849583094393,Clay,High
42.36981226106979,49.884815212534036,41.54917759657824,6.112298432173111,49.16631814435638,1.238423606066681,0.59254998981175,Clay,Medium
28.814022090651648,3.69075692740706,38.942556034087616,6.122569492534244,21.994370672551625,0.25061763095265205,0.46104926946454367,Silty,Low
20.84700890672368,30.974455426470534,14.031562925751063,5.021458540103295,42.67212606577366,0.5309070298640169,0.4689765137716333,Black,Low
71.87905098331667,38.51579189627227,44.660630459078746,7.128085895514324,67.05411903096905,2.145898532694058,1.1732674786848747,Red,High
140.35925068703403,61.37692225952504,70.18866809731671,7.150775784282435,43.39259367297833,1.3661537637955203,1.7381324358375478,Loamy,High
17.6004257660927,8.676606017854134,15.843058910554335,4.6840306050662255,50.49146035846704,0.4748158297681708,0.20588067885605774,Red,Low
27.099679092397768,37.42382087897876,58.50699142725884,6.510937026600611,32.791696360023465,0.633071094983164,0.4550560851343903,Sandy,Medium
89.21559913659826,43.93397244059631,99.03520241644205,7.308529484069792,38.69389459367025,0.9556497254268257,0.9744733352429308,Red,High
77.9793951289326,35.09904028132172,41.486128064452664,5.185912714705441,50.19620709900155,0.8911495499248938,0.7683721180939903,Red,Medium
49.97847035416703,50.499243637596,24.94310406628864,8.208470194838725,41.52075445893557,1.1621552069822076,1.0105800406282326,Red,Medium
96.40326099035978,44.01597698535925,56.779196413089714,6.9407761411362685,67.75840812170152,2.605030689892757,1.4467470917846221,Clay,High
53.059632711817585,10.486816144236396,36.6162683164191,6.630256806655111,53.445947420438465,0.8079446403173904,1.1408125799950843,Sandy,Medium
24.459662894508536,21.26737348990857,18.16500891858,6.171903124541615,18.912738657077107,0.7150386577222232,0.5523804264489103,Black,Low
43.37921067761202,32.16310573905001,59.118380368764306,6.0001216019777175,33.17294575708849,1.5542105197174891,0.9078452240458292,Black,Medium
49.97878239110162,26.919776284852368,13.759204381251793,5.429187577062107,24.425112789564544,0.41100972067891994,0.1657499278892462,Silty,Low
31.9953771738817,17.471826358930077,11.006947564264395,4.033886467272179,51.118459354805665,0.7176462968759519,0.27166754947202043,Black,Low
32.82508595610484,0.0,47.52291687986943,3.6533063652448656,27.939880546231677,0.24798296799211594,0.2867996202048216,Red,Low
3.2187414032152972,17.278035316083287,32.47342422741361,4.509731772788714,16.097149400578445,0.48656677548262184,0.35909853179075235,Silty,Low
89.64834395877354,62.33368916018422,50.9496522486962,6.065471719856617,71.42732343272337,1.4759715701076248,1.3000253551551009,Clay,High
51.04283710034697,19.650219958168343,48.705241967860985,6.257876216384307,44.198115550104234,1.0925968618636366,0.9720282286112316,Silty,Medium
57.129299089348564,59.04089377891974,58.40664798688758,6.78416341867405,47.574471350562355,0.6482770292315079,1.0680250049054787,Red,Medium
16.899981129233154,16.054876371298445,11.338174337618518,5.840130330090103,33.14733374809608,0.45087343261344337,0.4122985967474514,Sandy,Low
29.39316965343893,26.320755341205086,33.284403415833765,6.366228959705138,55.737924903679854,0.9114682343296894,1.1299617257267156,Red,Medium
49.831405972027554,32.43914102794645,57.10623594601302,6.4847096656657435,47.60282697469754,0.4535470654976235,0.6220205239736338,Silty,Medium
70.54836714133444,38.496309378496534,35.029744059634936,5.73436081887417,77.00163922996126,1.565700785815962,0.7937230302604305,Clay,Medium
18.892005029987004,19.07827182260884,15.687059425737752,5.045019883078074,48.10329379764742,0.5964631545934773,0.23135606137074716,Black,Low
58.292603342724,57.45244398775551,42.087950509943255,7.521225121118294,43.39607100002184,1.375555879117186,1.155275099116808,Sandy,High
47.07969102639029,54.40019142926053,50.72890880074904,7.540324737849984,39.144979370632456,0.8429207318776775,1.0881015895841704,Sandy,Medium
22.39271683933499,16.729788049546237,32.376619516033564,6.042137874112497,24.071372707203267,0.34149784615480727,0.25725591811136095,Silty,Low
37.128399646999696,44.51325571421358,50.548284117452155,5.72536946352708,64.7663117662152,0.5113223275696319,1.1850971719468832,Red,Medium
66.62426378890541,43.694337546419874,38.861459799043544,5.628223547806883,24.45407916654544,1.3397070788344938,0.6168559876843943,Sandy,Medium
28.947110367851646,4.896852265911079,11.18451601555444,5.796478435912327,34.642105948193795,0.4272712096625483,0.4232952011276483,Loamy,Low
17.620074791843827,13.358085443780581,14.893218624545671,4.591897403700972,40.439109964164814,0.7048281740831327,0.2521746116896291,Silty,Low
42.55587339052273,56.708163581185005,31.667537555641427,6.271020488236768,42.35818046815075,0.7339258782291641,0.7191938276717125,Sandy,Medium
99.91610647490151,62.25131929532863,82.30317314889578,8.325965249676656,79.30357156824834,2.676417663030284,1.5908555587940136,Loamy,High
35.320432459864115,23.683481431876764,40.202949052321884,4.422989038326597,35.57951081392937,0.3565431172559302,0.5122581187380242,Loamy,Low
10.486279953104335,25.80656056359401,23.060595151861,4.99827361655072,49.5022829984733,0.4282039844157224,0.4816077764589567,Red,Low
24.233450455877332,35.77443123714223,21.638070924137487,4.702904140358216,43.83812515902499,0.35692375703571927,0.13106793350237006,Sandy,Low
19.95247518351315,29.00683495195052,43.15740841671881,7.344422332103125,48.19753741027031,0.9001202339508799,0.6234937988565017,Sandy,Medium
110.8246567279747,59.523992481646246,82.2363086388435,5.7617769302700195,75.70766549886926,2.937538596575755,1.3404266717331144,Black,High
45.273268559798595,29.03505381523676,51.77579676432871,6.623571289336274,58.04723927165642,1.0612707634334662,0.6299006457247998,Silty,Medium
71.74317854424287,51.38941892734167,96.71541906263342,8.659409632482866,72.87581560580561,1.7498807946701196,0.8687373785387693,Loamy,High
78.08835034505472,15.332837412304617,48.613811999961406,5.700608497879705,45.88581777419834,1.149820457093317,1.0448331115320615,Loamy,Medium
29.56110856471726,12.700239211103181,23.455383847732204,5.801545190106505,29.988895303259888,0.31436601029632527,0.36977237383858214,Sandy,Low
55.137779695071806,62.4222426373643,60.97370248733124,5.59224762328528,71.60457840439035,0.9905343032723511,1.1941595962705012,Sandy,High
47.23706423135647,24.665337123785378,52.57135085232155,6.229112466667708,57.803843142530695,0.7672495365374833,1.2892647893888263,Red,Medium
80.04935756346286,38.21445834191023,48.0966329966729,6.745020245854409,52.85448724180539,1.0399303161301852,0.6075010118424767,Loamy,Medium
53.810932190766074,48.712742614138136,65.17089292281398,6.6643808637146105,28.14247060957242,1.1854055034885127,0.596007014299353,Sandy,Medium
74.38749299630415,68.58221380352772,71.91135358828745,7.067440648455665,51.39607822787619,1.6268885145426426,1.034530205644604,Red,High
77.39976528254574,79.82025842486715,63.84978376850015,4.986961507922419,89.75253278339065,2.15310538828366,1.2133170783250509,Clay,High
116.89052346406065,54.725828441240516,40.1959817042964,7.194966029956718,87.00185998162729,2.012900919207654,0.9975538277853122,Clay,High
15.909491795088412,30.17326397637561,22.31169539239493,3.9248929097249583,33.84133925844464,0.6646185942451831,0.3391988159610004,Black,Low
104.73267630932676,57.46517998127137,83.2241284980474,7.1202829286221085,66.25995316385368,1.8039290896321665,1.1923677807453825,Black,High
95.71095088648873,36.89071217136349,64.66785867027548,7.655356823094299,77.82033286692405,1.958738419327132,1.02718781181498,Sandy,High
89.34396618866269,65.03590153149801,47.77657531896379,7.394976560964459,67.56665011668069,1.3532278343106485,1.1810314003541462,Sandy,High
96.67235033101869,56.92247714939475,58.569563101102496,6.60674400281124,64.00854223866105,1.7584475623174538,1.2507495957027694,Black,High
83.3181856993257,38.609050909135654,28.644658425797076,7.826221446930053,69.25519018540734,1.7884879996570016,1.4918214403540893,Loamy,High
86.88876140107065,50.44100095839056,61.325734422155875,7.27884782151468,80.16140787343154,1.6567806680472923,1.6634136736566822,Silty,High
90.48175147718356,51.17946037840275,64.14331093265858,5.761909073306514,72.30619002587548,0.925334961764013,0.7699519404542285,Silty,Medium
89.52581649107645,38.83304458656305,81.98526738242705,5.854591380086077,85.37009789133245,2.317993277289871,1.8883640412098814,Black,High
23.15660132747477,35.288830241217234,40.06257481676625,6.041634771799715,39.802042985094054,0.8107021732735215,0.5428685725368476,Black,Medium
51.70219618232634,45.8006379228862,47.54420475945265,7.333232161035509,31.653302840896576,0.9349244632476101,0.9764210822100134,Clay,Medium
36.27475781382492,13.74981454438015,14.54900082466907,5.440863432347765,30.06169365334236,0.4734012475117604,0.3197636654555211,Black,Low
20.780898521618386,26.800075483899484,23.445504629881643,5.771015856544142,39.37996762195666,0.4252894377725102,0.12315457053883622,Clay,Low
68.0283425941668,67.73427897603608,83.52941546959524,8.89069167624898,52.071624774498986,2.370928288547054,1.6955548175859565,Loamy,High
92.47110793880469,75.65248141725557,67.05720603740383,6.506157504486549,53.84461352547312,0.7087838221615275,1.2697320526167741,Red,High
26.353933010365214,6.389502073431215,29.060798912806177,5.438519520682364,23.398261094724734,0.4038444314538639,0.2057602030522364,Sandy,Low
26.93856638550136,20.094799636716353,26.0189037967313,4.650309210275793,16.58654732088554,0.8547223073760957,0.5439693144502333,Clay,Low
72.1275750194872,45.52570883392334,40.94782335909766,5.208991163652599,30.19341832483896,1.02777863533616,1.1417097693231748,Black,Medium
42.45875435185032,26.2139779206985,41.3811534889896,6.391018524730699,30.63939790537893,1.5303695842777023,0.7881393628378777,Black,Medium
37.40013398546363,29.130763183891894,16.883159911543512,4.823457570541692,18.70831965483093,0.24131428635400543,0.4198909290405255,Sandy,Low
50.95289466117671,86.1090745265621,63.84773028539101,6.95905104949547,53.858913365625256,1.5878559935814296,1.1497941288516216,Silty,High
64.87786157665712,35.49941930808654,52.45139624479404,6.392151342555652,48.77503066127069,0.8776082951950185,1.0406845815542827,Silty,Medium
84.04518998698518,51.78695203681939,64.99343784717887,6.801684592877703,62.395771007801414,1.6763283374880533,1.0935243365408192,Loamy,High
77.32004103015547,26.360073182907627,51.99726470182527,4.872690146973854,62.66233879389417,0.5848489166675427,0.6034471572140971,Clay,Medium
70.57001929155376,45.98603391155681,60.24294364002647,7.254396857017606,49.87242484656933,1.677254957026535,1.1439762403289857,Red,High
35.018798484619154,26.27037647462251,2.647182025638873,5.598313529409619,23.892440935411887,0.5767101276632017,0.25099642673100664,Red,Low
134.02697907242202,59.12713692946989,60.64243651765829,6.423412693240333,42.90261055590574,2.3085645801890724,1.337607270127051,Red,High
52.24451806638122,43.25194932672336,30.188121095156344,7.290727473493737,44.900397376517155,0.6709269844978709,0.7171081061539448,Loamy,Medium
55.23573326909325,43.753498616753944,83.24133735415873,7.094811339108272,51.71386936264532,2.1052131592732257,1.5334428052873705,Loamy,High
18.024438296366974,20.277408522387187,7.8807093878662045,6.029449416793178,42.30188179808255,0.3706966688306681,0.4840988086375452,Sandy,Low
47.511169224244576,32.283201724961124,3.644624866412073,4.683947921443907,35.00688251483219,0.40138784874353645,0.7408980141072656,Red,Low
47.42553569424808,24.75490450191399,41.65845867072596,6.219654120533294,64.34522637419778,0.7791450850030285,0.24431508690973192,Clay,Medium
59.93660903603078,44.820317754041,70.99479040984342,5.928185485024027,51.8063754058154,1.4929805764281696,0.9376168796752612,Clay,High
28.87847748857225,10.08376491944302,17.424033716702287,4.718484124058262,34.279964784338105,0.3863783790046008,0.609125410211855,Sandy,Low
49.16172889444117,26.665198812670745,29.287446825372754,6.345991167211954,74.8105490706814,0.7913051893992623,0.7919599039956914,Clay,Medium
17.34022437722809,14.400135906966554,16.9441695906885,4.941782489444542,13.516673592966303,0.3697729092383267,0.5103165252126615,Silty,Low
46.31766888247886,36.221281359318745,34.61279693571596,6.673219516928678,27.746484647379628,1.2165348718796616,0.900476161280613,Silty,Medium
46.73041505221416,27.775797728694105,60.47053140916695,7.5577081361163225,37.67874752658685,0.9158770288676554,1.04990935951752,Red,Medium
94.89177017475967,64.92565036483735,59.0031267910953,7.277347197060234,61.91949497137082,1.1889151907746198,0.972897259000048,Loamy,High
102.22716324626656,64.49878085650265,75.04177125224989,7.271543676440796,65.60828584421279,1.8711907632770863,1.3831015234259767,Silty,High
16.61499013882884,9.768627004143658,32.07145007654009,6.257870072508529,9.306663291383641,1.0209332778080864,0.4356098472356753,Clay,Low
75.04632085759873,35.30716676693246,27.638546494245,6.315460092981432,52.18787255328167,0.8852116695396923,0.9647009788735875,Loamy,Medium
42.47185089416208,22.317492050587436,39.29821540959986,6.301111026969851,22.487298348928594,0.7159770767854929,0.3807277501496323,Red,Medium
56.90656547080635,63.844236442058616,113.58120203699713,8.208184318131615,71.38395481849605,2.349018417435355,0.8664888153176983,Clay,High
52.4591697452703,37.384716198152525,57.13285141099089,5.944990286878948,48.32074581233975,0.9977334669658923,0.7910932967731772,Loamy,Medium
88.59414816769926,56.730699722731096,60.95981174470344,7.499196839421211,75.36181064961985,1.9844980443096942,0.9581158703829972,Loamy,High
37.417094994184765,36.10582834185606,33.10955963576103,7.124861443088475,55.399977628238105,1.2958967916027166,1.0513788598430092,Red,Medium
101.33764985364263,51.68832489758619,46.326709720448015,7.806720060299243,57.482175318685535,1.865997225656938,1.3180315098346376,Sandy,High
62.263367504018206,75.36569132284566,43.38453847940821,6.3731739258572935,56.51999512978817,0.8869958020191114,1.494489399844649,Clay,High
50.07383011938815,39.678567132904526,38.535206229912234,5.788601484811961,42.369417452372986,0.9806003639939607,0.8089159587935767,Sandy,Medium
12.810800994618056,19.633304122590616,17.005257115786087,5.049781588827182,27.612212177513406,0.49600387929085094,0.4728846409367122,Black,Low
34.33764486152963,32.59442615394072,12.813996285982633,3.82016511407144,29.85569744279842,0.7259265385957838,0.5462091092686973,Red,Low
0.0,28.023815159073663,26.790088890726047,4.019190658412491,37.23528846728806,0.6728109821278935,0.4886212737440491,Black,Low
28.434798424485034,31.426711032388003,24.5882579497893,6.919249504447114,62.775642899008474,0.5775644112343022,0.6722779726828697,Loamy,Medium
70.96501877878393,59.77392421478415,60.91089404638146,7.487277155429123,84.9519294523062,2.465522334324458,0.9369092932964986,Clay,High
114.05359862474337,51.790592523952256,61.56757246973911,6.014182927667925,47.67686147452735,2.0458919649590936,1.4873985198173192,Black,High
44.23108613820238,32.57442906211682,42.74974935918265,5.891775800107889,54.82899435712743,1.0588544739869676,0.8512010985263133,Silty,Medium
81.79351672904268,42.261140614294,82.34125677988713,7.129829505912504,50.7149905187309,1.4387011763259132,1.346453693483015,Sandy,High
33.851049546467635,47.574827890196126,44.27799627571793,5.995077399401121,44.30597113792011,0.7405322266468377,0.4369987255735165,Clay,Medium
22.461612800019182,22.54529292476606,53.018998269744,6.363490473062862,50.41172781657161,0.7355870744442792,0.6922619501613968,Sandy,Medium
13.886569243904589,20.421672197866886,55.37935249062442,7.353519875343077,62.87399266110779,1.0822608039344097,0.3236648476570205,Silty,Medium
67.0532263242857,47.98912517307967,41.16497042276241,5.354739306740348,40.9611788284484,0.763553684375263,1.1644242604201196,Sandy,Medium
26.183492967688483,19.70323885625653,24.998588297626863,5.316967737833374,22.754625659820043,0.26617110528986354,0.6667005338528457,Red,Low
4.982534330209301,14.123091193592943,30.718539705834473,4.896229749460599,16.83523196238159,0.6223427569902391,0.4320607815240866,Red,Low
70.52155418434184,53.515516006571595,58.689254208762314,9.091079401964244,58.87977702638195,1.5430220793959735,1.098341879263419,Loamy,High
57.75091875039068,30.367810309359548,26.919198744295855,5.744738937709507,49.80344792686999,0.6906820341031736,0.8771040642084094,Silty,Medium
23.973882406475994,6.371900171804034,12.5320373815311,4.900215982878316,23.82988392904807,0.44518665826225634,0.47623972957405203,Sandy,Low
59.956111062481796,74.36248297288873,88.20839322849638,6.824830833221157,58.79687286228349,1.9614694890706057,1.1908976521697316,Red,High
94.26948565944934,66.49152067764409,91.05739568606927,6.242317401342692,64.94014910619656,1.8040758142982527,1.2739071167170681,Silty,High
75.02208970722444,64.36953447593494,87.52460039334906,6.219300821375726,53.78407414897826,1.2180036717177471,1.0916117399839835,Sandy,High
52.38755929364739,40.56887550889806,42.13880297721354,6.1371203355670385,51.021243134909575,1.3733359085490895,0.727651803504932,Red,Medium
120.67122526739891,37.74739218200257,86.242388242213,7.942121906356602,31.248055147874616,2.2467521518986766,1.4189549783804667,Black,High
70.07122877820565,45.73072706466428,62.74290406599006,6.628113571481001,55.619898444162025,1.5553203938733728,1.5834217106770558,Silty,High
39.27463617957747,16.46385792527534,17.11767707517464,5.022148013387131,32.09276700779127,0.39422770549159225,0.5110676029765145,Silty,Low
76.96347644301628,24.37390757157428,86.7557941578204,6.471860230172481,70.71135319258306,1.9001613253918248,1.4039478585039702,Red,High
35.154671422280536,20.117035881472944,42.786728797936945,5.856178895683388,70.6782384884723,1.2112993948230313,0.6623740941734813,Clay,Medium
85.66013163976199,53.04795861391516,72.34793652694825,6.961789090016078,43.92146226988896,0.7966200816483575,1.1453894674302425,Loamy,High
68.91362478190426,32.48424630771211,60.28635277102374,7.321522751411445,65.64929546794484,0.6713990211012058,0.8237709469541044,Clay,Medium
88.44689449516076,65.46670099018469,45.79380311815005,8.28183450004537,51.71213276664959,0.8623414404649173,1.1516847934089813,Red,High
92.93618932967112,28.819551447464583,26.866553984242508,6.420238309252895,35.226355059616296,1.209355759902179,0.6243001485350711,Loamy,Medium
28.93646765263496,61.58930959269609,50.04348464032777,6.283595362014027,38.236050893182124,0.6271360040201526,0.652599034442346,Sandy,Medium
43.15817667646019,10.150975548596012,30.008387349441268,6.856492508159338,42.972111320903956,0.9097755199590887,1.0773591793122004,Red,Medium
32.956594943439946,12.656934801699261,29.43464300427567,4.826205324461238,27.584508251443097,0.8601984933632478,0.55464446538285,Black,Low
43.59062342929819,22.71464649198375,18.797440104763265,4.642840945697171,40.24897506942139,0.6572352247833099,0.39056046087730445,Black,Low
55.10855999442418,32.37641937826151,58.44424240211593,7.407470780969589,58.66857632207219,1.5531538947495043,0.8218692889904088,Clay,Medium
37.20942108018271,26.84767277282116,27.311891940816846,6.211190093708793,24.60304214734509,0.48274701098554945,0.38138811420297586,Red,Low
20.17964730536102,48.12351286279072,34.85626594058914,6.5358519269968784,28.93766586790136,1.3634576630591058,0.6472128720931565,Black,Medium
68.98530839034743,45.96177265479078,70.74863384319393,7.619990508270976,51.36079365766775,1.2836991609235702,1.256575426671037,Loamy,High
112.2551038372125,39.00138562388818,69.2037790176413,7.958207422567729,87.65022896980335,1.539482136348388,1.043132662454138,Black,High
17.64845070039052,19.955764850951258,36.494199537397776,4.183362393430429,44.98334107779513,0.38205538754010687,0.48224254582647574,Loamy,Low
57.20517747683379,29.727598469808928,52.618107472336874,6.261467038134048,52.25621259513537,0.8885957004866541,1.0094536373375884,Loamy,Medium
29.457145202112862,32.379276278840265,25.645541374282757,5.846534739946545,32.709896745174305,1.393902868861647,0.6020503225213154,Silty,Medium
48.13713822461698,51.55503270017826,42.60719504905178,6.369024554818349,55.340180579647544,0.970775041171947,0.9135912966146162,Sandy,Medium
30.227454474357007,26.139568956681423,67.2953069926093,7.441594147792898,51.24981639202451,0.4454326603044029,0.554191263843707,Black,Medium
49.252815498580524,19.245477344434406,41.04423531701322,7.813836190524285,50.810030522304075,1.015647988688311,0.5961378078159325,Silty,Medium
49.412217039179794,55.050493671381126,74.14217287051775,6.031239042462588,63.92295141881892,2.316977402817559,1.7981552558572265,Loamy,High
24.07675445645822,23.904833951010044,37.96990982045757,3.694940303546608,44.82069037796416,0.46715899566919794,0.32370666811125176,Black,Low
60.77491492602467,50.01260351432668,84.04487883436289,7.096714124346594,66.9505886866991,1.8767197689598603,1.4442387866895443,Black,High
67.94302899460338,37.70371256127449,55.26671130468415,7.096848467291785,78.11809488020975,1.3154201210146126,0.800476289940238,Silty,Medium
46.691442310400326,40.94318713968362,35.59692505772841,7.05959206772767,29.32524392925645,0.4602424591050751,0.7902744782564232,Red,Medium
27.40670216917608,25.99223049494673,34.86217005105293,6.408107464987376,34.69891548620598,0.6306077540199826,0.8189295419913155,Sandy,Medium
73.92160207472591,57.15760366278728,65.06900772326654,7.333123758053171,60.365566518834434,1.8054848215177064,0.7211627038364798,Sandy,High
25.56873616194751,17.78972833966311,11.60826967903888,4.190443324531666,34.25690183425976,0.2706702367238884,0.10411791152899164,Sandy,Low
50.14601444066823,22.939932479628688,42.63870267955407,7.372470080415365,26.623608567654404,0.4808067149781218,0.6818916289592696,Loamy,Medium
20.540789123278415,23.142532601336157,35.07717338893182,5.295138142225227,35.60432343756104,0.7023646709828176,0.42171145636475726,Black,Low
11.139896753308804,16.811961640311328,25.6550583437981,4.085516330653036,30.725950471020077,0.37193769746105987,0.22754411816336537,Black,Low
34.07237602647926,39.67325029755215,46.18234168175416,7.0521712455900705,40.67804377472476,0.9939530177218732,1.2321441809789602,Black,Medium
116.09048075291653,64.721444947661,62.71247249006361,8.184211864565768,57.81710232143001,1.403570054001497,1.1412848636263342,Silty,High
36.85403000128669,45.21008617519861,34.718619768538595,6.3762824088629015,28.674737327214352,0.9592432045247575,0.5656962702709973,Silty,Medium
37.62669491699029,21.52330950191837,28.700324247460355,5.009057974014694,26.643597348494826,0.8518485038863398,0.31862811078225556,Black,Low
39.59541632827465,11.94504008036541,14.055545043667923,4.529292619689385,15.330373742465868,0.4073433444078742,0.6542609526995109,Red,Low
45.06488867275076,56.25439200813028,35.81824321621487,6.284814440142273,35.0778032176912,0.7436897679242521,1.114399416708846,Silty,Medium
68.4610844668392,19.64022875045622,51.85794143789498,5.397931532758679,29.952177843605767,1.0216298416560667,0.8702784333505109,Red,Medium
65.97706108213883,49.167022731130714,32.68747242236298,7.60161299636018,68.58773787634692,1.0081571940772676,0.4529318297239011,Black,Medium
73.76297238132577,82.1979822643039,68.27328000325086,6.344534294923369,53.08977064135514,1.1444566234975677,1.4948812883105091,Loamy,High
95.56418792852901,65.61910842480178,64.12632270811716,5.918072695643861,50.64344725572066,1.1249162835665856,1.5049105215490655,Loamy,High
35.018405698092224,19.08731521846051,18.07181644229554,4.281278015522015,36.97828660918199,0.5329820067001569,0.5823931070319758,Clay,Low
111.1842895914727,57.815782805236076,80.5646632438701,7.414701221559822,90.0,2.115903129907005,1.4459884784859427,Clay,High
34.06441374900523,19.710067457507144,59.2030887876401,5.5933125029259685,49.455336597661066,0.8598439912921028,1.021912775877061,Sandy,Medium
28.95560661033344,15.661266614339894,8.689716633937218,6.456967879638242,24.736228541219496,0.32094209000090007,0.376415561727712,Clay,Low
16.638949737621253,45.86871976032994,33.06231798252436,6.611620192086604,42.43446643443213,1.7642355640686858,0.8474164190613173,Clay,Medium
53.434193198426996,37.051709246507265,49.26514980225585,6.142921261299982,29.474051000695408,0.8479196987295017,0.9534648424649889,Red,Medium
96.45562559396755,54.444053861409344,64.51615749173617,7.974729503285634,39.40429122300434,1.4163652227288472,1.5950800387100572,Silty,High
52.80568848541286,38.03687117577097,53.809133926828004,7.420060217726627,49.757103216097136,1.22784467703382,0.9211502360977948,Loamy,Medium
55.58404912531863,49.39100792873286,59.63569283075489,5.829994091779331,36.47621887673229,1.217661160473038,1.1761129485978472,Sandy,High
86.76244487211645,50.40324351457193,53.357978947570004,7.6893621877510965,60.676311175237785,1.517808286097098,1.1977928009242846,Silty,High
41.76884853640541,26.81295855380793,40.551950983994374,6.924603965454472,56.991586201185775,1.611984193290028,1.086580400264642,Clay,Medium
31.974157446108837,14.100673778902914,32.186163872450486,4.640718148969837,15.295444756184216,1.0635811369673533,0.19514731296611915,Black,Low
15.663700702879694,27.013340982334668,33.62949985770696,5.4704244651962295,47.55928474613344,0.5948074239473953,0.822151442548689,Clay,Low
84.39213417488278,51.86497163298905,63.99321506499743,5.408574694890714,67.02923907776498,1.117983748844968,0.5428859614537326,Silty,High
15.209246038909432,11.107703898915574,0.0,4.504409986832866,25.437223213445677,0.29424244350155,0.4897218617255996,Sandy,Low
68.42230870563176,45.20039358613293,34.9510378747194,6.751291754148957,57.941888240385595,0.9830542279025474,0.6460621369933359,Black,Medium
53.36742256424642,38.767935837071896,57.331898438665064,7.305462791817638,64.84586278022364,2.133595769411895,0.9918763847782428,Loamy,High
17.214664054822606,13.171968676044632,2.6755867682307644,5.3035922009895105,45.412904718161684,0.32756479210549055,0.6039066501096204,Black,Low
6.580438977489656,11.492716264273472,11.435326671962281,4.683293328385499,34.195142884467046,0.9637414809379435,0.16239375691467245,Red,Low
55.33479433940549,55.336267612533916,68.02367985898955,5.267577887625419,69.70427168688597,1.3608563985941464,1.253311761357793,Clay,High
92.26135922151877,56.48523932169926,59.53974788154581,6.960180885760297,69.32230488921726,1.894949863979532,1.2222187461322076,Silty,High
68.31326450444524,63.9058365356438,81.47252722198732,6.984238731755426,81.22655454674697,1.913368154913774,1.1847242949983419,Silty,High
111.7746650005783,64.78444440016408,96.77298276688829,8.850162709953524,45.269776011824106,1.1605798274665822,0.4483040244806611,Silty,High
53.564464002013544,20.683286526033942,42.93159573050274,6.285853820165918,55.39270800255004,1.0318960743395857,0.9660362848980566,Red,Medium
70.90371030280403,42.34597270299053,29.75680315159011,7.210921242359994,60.70685827258164,1.0896424211158826,0.8817578950972422,Red,Medium
39.65346976465616,14.190346411405192,35.14695191051425,5.1842630930183295,17.57073976591762,0.48100229470972095,0.6039112331698737,Black,Low
19.163660438100845,12.974623537639836,27.422474222337904,6.325444521097974,8.591166293637183,1.192164267362389,0.4566743212157036,Silty,Low
22.326746918854415,19.54010409704886,10.509040076629647,4.536022993219729,37.66110786802128,0.11794940569102952,0.4993870385964373,Sandy,Low
36.628685608390796,54.6912503716634,32.54596926486275,5.495918400212423,43.756327557753565,0.7194324097693696,0.8214037445388006,Silty,Medium
55.75452905015882,31.637200680320802,35.5740595628933,6.9147224341434645,44.65968680195027,0.8013148063835064,1.145598613801455,Silty,Medium
59.74573563659309,46.4952229182033,59.45207402510951,6.952926246488881,41.393158233741744,0.7446299942437539,0.7662935739336765,Sandy,Medium
87.88931132770158,65.55733972692079,66.12797517644857,7.498342645758173,44.09240818280122,1.2089084441101405,0.5566607520780131,Silty,High
98.89188288906163,43.1846417710996,53.54588999727328,7.201187140168777,50.82156582788775,0.8784814217139694,1.9625346963705876,Sandy,High
39.63132732006835,31.09542734089876,41.897048452913594,7.441731418436701,50.45246136942313,1.7174811947789421,0.7248669523173367,Clay,Medium
103.43960388655661,70.7321322659635,88.989955478861,6.655189433207879,61.92863961642605,0.6586425220432564,1.195117189191843,Loamy,High
50.616206063838696,51.69053387222954,39.39193658786232,5.827088140784081,40.38205917728357,0.6132604925491654,0.956926906974778,Silty,Medium
32.709773910103564,14.685030784550309,22.46119722726821,3.575106893613764,33.762255513110475,0.652466339057179,0.22190502093117634,Black,Low
113.55478915214385,39.14422244621074,73.30281886186724,5.918308482589476,61.31736265433687,2.0705409150278395,1.1908183625583288,Clay,High
57.32355373171151,27.569414716815864,54.60975841778528,6.155616205409917,44.82933446136914,1.0583933823763567,0.8699400442562636,Silty,Medium
31.15933727711792,15.397019886678866,10.312289019144796,4.100652768072997,13.292898523577005,0.9430544122550262,0.1,Loamy,Low
38.86609581924043,46.05085069331785,19.326471631516064,6.211924878493374,63.44829283630322,1.3967554428512092,0.7458015986480258,Black,Medium
110.78294193118758,49.12462318244784,66.85081434538498,7.155181594232368,45.06309412986177,1.8710618755328752,1.1325076654126782,Loamy,High
61.43752416676301,31.9763751591438,61.162039491007725,7.476699855397202,60.41050304220131,1.3703927714244681,1.501476918842896,Sandy,High
70.46847590988045,67.39265167454838,72.66445676354823,6.398737700843966,47.75972689055518,2.4670554584213185,1.0416617856683008,Clay,High
51.878596514590285,24.412076333866473,37.111495888269914,4.723312631221195,40.70976396820207,0.5264005583084539,0.48588304573834473,Loamy,Low
19.72401050354378,18.15403562941229,11.967853484920374,5.721927989135653,21.954357915420278,0.6123603998372248,0.1230156164859268,Sandy,Low
41.70090710299111,41.03569403263232,43.83728992574926,5.971728868105368,41.361284597488066,0.6948835099824079,1.004313306170589,Loamy,Medium
57.52383327523958,50.74843977993371,43.88841678929823,6.205991530769248,49.28361838139234,0.3279607352976711,0.5562979458480417,Silty,Medium
38.96879384474645,15.390833818322466,54.293343814011024,6.607805383645858,53.40516492347691,0.8456550263052042,0.8374664522260062,Clay,Medium
26.56565338321385,11.631516145399079,21.974853129897134,5.899748798048269,38.08817733218436,0.6708970505503352,0.47140231477792505,Sandy,Low
44.81937734144937,13.904727739006924,27.861203643194095,6.014933781530681,44.700538610458835,1.3736669086419475,1.1092558084626376,Red,Medium
44.36689816681743,40.50877977304181,53.672212737280944,7.39367424971819,40.08827974260764,1.2542911061542772,0.4079809120533201,Loamy,Medium
82.49966554362967,53.947808028200235,38.94111749984803,6.550200701477357,79.62123219497616,1.8249422465817813,1.4497695730730584,Black,High
74.67381660151095,40.95463856462656,68.90321087758309,8.34109521333109,61.62244741302356,1.3208740407493287,1.8816082693573262,Sandy,High
62.465032940520345,36.49076711768812,52.763286017013286,7.010185658546273,22.18296175577927,1.2180681847876713,0.7846227109461551,Clay,Medium
51.883026263555976,30.45958611544826,87.94403867917595,7.023304356228512,30.63084234624037,1.457918492611269,1.4965544853510286,Red,High
38.107252312110695,26.39801439421307,7.432887906892864,4.999673130805817,28.58139844214252,0.21270440266526533,0.15823062152605116,Clay,Low
56.5316764358938,44.486348205358624,50.163739469748435,7.000297792224659,42.80058614235559,1.130900058983867,0.7873575040501425,Loamy,Medium
82.35361518233002,7.364764477977516,21.52034843231167,6.706159803306884,42.8202118176106,0.5189046949499232,0.5879855907439709,Loamy,Medium
39.336514741708825,32.98349055315564,5.10988777790662,3.97729298615225,15.643735254994773,0.8293256813848022,0.4951004017955153,Red,Low
24.53228744379685,17.545773782890052,9.78857952593495,5.459220952849432,25.324753449116823,0.1855382694119758,0.5233713801644504,Sandy,Low
50.0003334192316,42.80516649447289,46.6419556907473,5.693039860114556,49.864038682462386,1.0564066173419187,0.9324932542885519,Loamy,Medium
42.14427543716523,40.34729233898585,23.30219314591034,6.304012147769355,42.704081382308296,1.384353566054084,0.7856062056251731,Loamy,Medium
75.96484070622836,42.15096185592989,107.6081779727284,6.299882918590779,62.95262794459888,1.7531618369555713,0.804946078537737,Loamy,High
58.47626420238808,33.94294502765414,18.034575169495238,5.94640684439632,58.249859937362714,1.3517602538326565,1.0879673374015448,Black,Medium
25.511533468819,30.737780007511518,21.033044340837733,3.6667671550999805,38.492545713071436,0.4135567172860858,0.3522786699536729,Silty,Low
110.82623038091602,46.704583566760135,93.20057239860031,6.511881154566432,55.932029856706514,2.569790568525474,1.2294662702799357,Clay,High
44.6780263248599,37.71565405994099,31.25082408238315,5.968729844662547,40.95464275111051,1.163918689697039,1.145503122040418,Black,Medium
18.404492713461817,42.369222959569214,16.6681464647657,4.7678777156943,26.421536308089674,0.45357541573368937,0.433995875342873,Red,Low
69.23352901386274,44.48431542068177,51.15288779412957,6.7010495760510205,59.30484011522347,0.7399644259191062,1.369606464492426,Black,Medium
46.38456125489638,19.66908927858858,29.814190304547225,7.1792272551117895,73.24231933170702,0.7798279667574957,0.8964096361880539,Silty,Medium
127.37428929034796,75.2936278517422,70.59959665473886,7.375890872138672,70.16475195564894,2.0298743218915196,0.9431378826209154,Black,High
38.629679160221364,28.010463966576395,20.81675898676895,5.282738775842061,41.972638213296435,0.1331705648544101,0.3396565624490058,Black,Low
32.575240938955254,34.29010522931086,56.257227107219315,4.362773650137134,53.88928138304829,0.9556342223293691,0.4587604121838715,Clay,Medium
42.84203201097624,32.735007225825974,39.82087255706285,5.582929958436688,25.688129397138937,0.5942344143340902,1.0090354650967341,Sandy,Medium
35.36370961485616,28.88693573860368,52.845890700286546,6.803827009988393,40.27361356272742,0.16657935455965944,0.671533521364452,Loamy,Medium
15.380961297858835,14.69459373488236,29.16550128195218,5.0738924829304395,44.68459573653535,0.18010939736741738,0.36508846956811014,Clay,Low
35.26948071523722,49.919408037774936,48.91654407012207,6.923389052615435,40.847826096724845,0.644084570865007,0.5886561412015434,Red,Medium
69.62782216010153,37.53620521222537,39.502787248549005,6.248983315898734,41.06195641708059,1.2463942144427582,1.0913938844836741,Sandy,Medium
56.789654245918015,38.43703236211384,39.04162456429285,5.724736842098691,58.386643126658385,0.9565948191715951,1.028720145879293,Loamy,Medium
31.72676207509516,20.86838783656056,53.00242980517064,5.244914089795872,19.094531921536518,0.45250594427872304,0.6993032481141974,Silty,Low
105.12853611937035,53.20914966510657,66.23606740837607,7.5513941165928635,52.68132471649851,1.0831869703607342,0.8611119281584899,Red,High
88.18264187661589,46.962312942934744,49.459334067085855,6.390224819871379,76.51472472125614,1.3489564593917125,1.0644484738532825,Red,High
21.08011989108107,20.704631925732638,42.151691570430906,5.252447058973956,32.998805221345386,0.8288994553975318,0.5453187993294439,Clay,Low
110.97543326299733,53.65863306788466,71.78200512569273,7.39621372855752,59.846706701071554,1.8725336167418623,1.0848255530436086,Sandy,High
31.65656142573609,16.280116400253775,17.495846438468792,5.612451441198208,30.221939313809827,0.25850349395354855,0.6622102115545665,Sandy,Low
81.51591619007893,50.29145030191024,73.82609434997737,7.1946592335591415,41.27702403837922,1.8577859874595894,1.4327153166757898,Red,High
60.5891963043161,39.389661456910005,53.6293802573699,6.137946726385402,37.543657517961876,0.4674874385362343,1.0602891129249727,Clay,Medium
67.86798997752527,25.02344505271441,53.64603707150437,5.1978552384345615,39.83400657094013,1.1260842080456799,0.9659056785618125,Clay,Medium
22.42492346939284,11.074002225687485,11.828511221685709,4.618507838482994,58.475500120521346,0.7998806117983878,0.6202557330652426,Clay,Low
51.97362108162007,40.69190956554376,37.93041493062873,6.166953690762659,37.90354820483392,0.8157521900728655,0.830775294750731,Silty,Medium
76.2748060234792,51.490519000013435,54.76064231098526,6.994466744056676,49.89261661346404,1.3756556401476274,1.5574756908729617,Sandy,High
126.4697267378675,52.98466971497163,74.58942838249473,6.222524918782349,76.84875014404142,1.6472368828307187,1.1396468732562313,Silty,High
58.69355716724653,34.90091759693633,47.873851522944406,5.830862865640144,36.76991831290029,0.9740852582712969,0.9212606566753571,Black,Medium
62.162598864353576,32.98386417107311,48.602743291013894,6.265239436093671,28.103515001922734,1.0091530379775258,0.7374281424212945,Clay,Medium
85.70182828581954,38.134545000408934,62.29017570308176,8.293111813997447,41.164817763556016,1.9476761915580192,0.9234333775860561,Black,High
23.824890474200746,10.099391018969849,29.41323676903071,6.045805433840688,38.41678136102732,0.91908857790361,0.17164757777481343,Black,Low
35.583100055259905,33.94843337733132,31.690395916289454,5.498440355108849,56.3359558053936,0.543114179585751,0.36796948111651756,Red,Low
15.93441968744519,18.541070286142453,4.104625868447701,4.729336674402536,28.846661179344085,0.8974949637656764,0.619996297989545,Black,Low
27.632108262834524,19.920359728246158,5.305371665128403,4.66595982691596,40.49823811532478,0.6728961972613725,0.4394066507255173,Black,Low
27.752381873878296,31.93730591258363,60.89996426357146,7.269366097652395,49.83731949796636,1.6177746866316516,0.5429983285109532,Clay,Medium
58.79766709721891,29.82223923687454,43.33617720757703,5.754695109498253,55.237404568292064,1.1505068486385228,0.8243746361697918,Clay,Medium
24.864592810711898,13.763908540623746,11.14022739510812,5.986719744076153,46.52749222051733,0.7889830647333702,0.5370220974772112,Sandy,Low
30.46162489808502,14.638017980310487,37.606910661346355,3.6749907539700226,27.042744460125668,0.8547085897153882,0.26787126348963225,Black,Low
91.07795359186947,75.25576749852914,47.29698748534009,5.668732961020626,55.66580046505192,1.2018278347766929,0.8394140324847883,Clay,High
76.75846363862485,54.4392514861925,52.712571891933145,7.470183367558124,86.38493236182603,1.327195448703443,1.7329295439009256,Silty,High
83.33726998577423,63.177837671706584,74.24842398347225,8.228538218070643,68.76286951368242,1.9272650118792076,1.1319800504104875,Red,High
53.74406383327351,64.71611911358912,15.344693060668957,6.586517597068362,49.25947505054676,1.057887944704607,0.7750057625651652,Black,Medium
77.95993449070937,57.10771620349406,66.21805157762257,8.720153536872372,58.72382133713443,2.327084149442857,1.0626698920438993,Black,High
30.611862601853872,10.368196179266953,13.475969594364791,6.029108246421433,22.365262922893205,0.6738165208510011,0.24995916056736556,Red,Low
69.2720528500523,40.51536957444,62.26277241013454,6.40157766300508,67.26075361401486,2.0749693878934425,0.9433562976244074,Black,High
33.07913101501077,26.092136582438016,20.760526614506382,5.078551086811135,47.5212411066441,0.4821752818258915,0.25003356899083984,Red,Low
60.34692468469311,51.0520345141788,64.2577751889301,6.268362150112017,58.74886125662136,2.4935452284118975,1.5595872607307721,Black,High
23.165117824735784,0.0,24.676609932772745,3.5044677926687786,10.76632723526987,0.48119976261113273,0.4676239040334895,Loamy,Low
113.71062297187936,60.46942320525909,70.41042084040348,8.147678950663616,82.34647351833318,2.2983295815112332,1.0329278552679009,Black,High
49.26847672626412,21.449544144110146,40.05110276964178,6.608480242444129,24.85895585146706,0.6508004861657369,0.7084934279362283,Clay,Medium
20.567201202880813,15.835856548908984,13.938128038744425,4.085420110733962,24.652492226083012,0.46883955401672683,0.36412978135087526,Silty,Low
33.498988495863365,12.931593315908874,5.2420319608021515,5.990117456010024,33.854459156110885,0.29088103571825474,0.46998691016863586,Loamy,Low
79.66682440383026,35.75671303773504,56.71604764819833,5.432318342148221,45.56916698083988,0.8494962052231041,0.8953653673749261,Silty,Medium
15.05798579334178,7.89249136092895,37.457800627539385,5.459655388669662,38.618511086120634,0.4987550920904845,0.4682151212402118,Clay,Low
29.048814636230563,8.601038907407778,17.407115549722405,4.649974795938416,5.0,0.4979241037804599,0.2582040435966728,Clay,Low
77.07543464419713,36.351798968732595,48.00935159580246,6.7964910681753965,63.237106404520745,1.238363573218245,0.8819768653733062,Clay,Medium
0.0,36.79515742620444,36.897298447133984,5.041915225249442,15.869935495912335,0.8104841037983067,0.295102230168352,Red,Low
122.42701246028395,33.80896533047932,69.10377712506401,4.990031506939657,68.83980109602156,1.7343734437797933,1.5684113502936705,Clay,High
70.21797732554128,21.73467375652462,40.616460763463074,6.190470321663596,51.947059067595006,1.060512327922117,0.9788895340831395,Silty,Medium
65.04272142613723,59.44318133633728,103.104424323044,5.388006509351163,68.35710341459607,2.381097008080811,1.6591321856920713,Black,High
85.00631884317417,63.622286221368974,56.23939464701856,6.288795585482907,44.63586308387407,2.3245523960245738,1.376044049306237,Red,High
70.54956335990931,43.92071557999822,32.868336642003186,3.8929289472963617,50.74463301875656,0.68393911044853,0.9569120513157101,Loamy,Medium
105.27266222326764,83.1319488119214,87.78171068923686,8.135610188069395,79.92778446205931,2.31581138108931,1.2385569209966236,Red,High
72.46279048571554,71.20191289563928,59.19560270361245,7.767530198291076,27.193929097032402,1.2220910206236795,1.2224448966501593,Sandy,High
59.47105955003125,20.96442786206653,51.919618267042445,7.381333581309393,66.73584509374598,0.9295907161210082,0.7189086840741311,Sandy,Medium
97.74683871185883,53.69234115787665,42.08290729245091,6.061934444191753,70.20716375406117,1.848609870132878,0.7050271634893929,Silty,High
26.90501682848064,47.89409975462486,51.152938076745436,6.029262841000561,57.881852069328076,1.2672597438404822,1.111484073871104,Black,Medium
45.538553355296116,35.8926385704388,64.37541055747104,5.997788663951165,60.22851720700375,0.7818882946112806,0.3653189341107411,Clay,Medium
57.92648677551077,31.789436036132674,26.048180350733166,6.643440859713297,49.19576360967335,0.683365810672228,0.5222318542759355,Loamy,Medium
29.35987396772342,10.953304017327376,22.369250850220073,5.720988483832897,20.466144056211675,0.6100793086966179,0.6611353764307571,Clay,Low
106.11052582099018,81.2687417924642,64.44471159726582,6.327640553169934,75.43022744725427,1.6218252424876018,0.5911245238053742,Red,High
63.84134165731949,23.31307918772885,44.838625222961575,7.18152581132184,45.28001654303995,0.589654322174071,1.0922803621164827,Black,Medium
66.681120417506,17.649976345467955,42.54815902893098,6.8077888189417886,50.34877306142673,0.6784118788062202,0.2949032724944267,Clay,Medium
60.77518248640606,43.21536009296494,51.16216191343495,6.142930115882346,46.68948279690259,1.1038088671289739,0.8382624042202265,Sandy,Medium
53.01156227066288,31.503279442325745,83.8092034323103,6.16313135713121,88.56337996557413,2.261683375917836,1.6945200218922518,Loamy,High
24.43251302192345,49.44824136107924,26.005181527855314,7.667908550182017,60.51962237748254,1.0569215923935251,0.9172504905537684,Clay,Medium
78.9517922282584,73.9596212888704,99.2886551465518,7.040093371638847,54.20007297289604,2.698200838379763,0.6836830935611306,Black,High
16.888129817441865,25.790283899501173,20.736141386833733,4.718009914635617,39.63223339663672,0.2594357371125402,0.5764548005814982,Silty,Low
56.57127114769914,33.48228351834844,37.52365079761088,6.711699894311209,45.045158447586545,1.2664086881916639,0.9432332175367557,Loamy,Medium
19.973922218863233,15.585571600194422,23.482158402208892,4.978648359025004,46.04827170084956,0.6183679718591708,0.4876739894085236,Clay,Low
57.698848543550795,26.60709046958222,31.488157012439434,7.716948807290057,48.93431244227199,0.9945029725340261,0.9199891602396099,Sandy,Medium
98.58220370913341,69.8552665913361,66.90906003318646,8.765288578230722,59.43485885375948,1.1145164531462117,0.7679736325216864,Loamy,High
21.448070281702556,16.143855831097735,27.825996376798916,5.07997437532236,38.43371034634185,0.5307742798294786,0.4224338567028359,Silty,Low
7.872158554372169,20.410482325711055,19.183495382507665,5.64722821825315,26.81253538959736,0.41765959147825255,0.372004867984252,Sandy,Low
49.95695439452605,54.666163327748194,47.26696497953043,6.417407872637862,49.56680565955636,1.2759724396923309,0.6905534579604147,Clay,Medium
25.436843235048695,20.80024261009404,25.01994880183913,5.166433322321304,41.120491431144366,0.4971332127070369,0.8890775319046791,Sandy,Low
102.1782658491035,43.83531108275447,90.41262808498085,6.266144456902977,67.92641423342924,1.588940575343067,1.376562183192727,Loamy,High
47.65452336323545,49.957381365558106,49.60731522206177,5.368919976096695,59.14459241488072,0.6825457459018163,0.9835390433727934,Loamy,Medium
95.3262093250271,79.94464832635452,54.74174520156775,7.4497152982981465,78.37465196162103,1.4297964853175538,1.0411889974558015,Loamy,High
10.484760986429531,23.75588888247852,6.916132582542733,5.765118314942603,35.13766828090123,0.979153569312545,0.5403810769096736,Red,Low
17.214551512605702,19.911128464622898,20.69749411522125,5.930297324414093,20.713811836451505,1.005016480110635,0.6494598495086988,Loamy,Low
33.944157412011926,35.261487689067515,28.682347381164153,7.8772554050411285,23.60822241872544,0.4142939928970821,0.6803631164465351,Sandy,Medium
102.0968977215777,55.70870879520749,92.7331013165444,6.796127647759966,67.49157413048395,2.8724699421306825,1.1809467155028202,Black,High
54.90617447108374,34.21492510859807,56.04057576447239,6.23899269101319,42.777496903501714,0.8498979718152664,0.8832194283682377,Sandy,Medium
57.912900000005315,29.65707651586514,50.33578041789214,7.207080672216101,55.29082529822554,1.1656422713488936,0.4904289684269123,Loamy,Medium
50.75867845979638,32.76264841723203,52.33175633336185,7.941847948532732,56.66613659114123,0.9909329374724699,0.6249203607768183,Sandy,Medium
11.883071584380353,39.968648212734124,57.30352636953399,7.35214243695321,48.69464908978918,0.7230239540254447,0.6958589583797683,Sandy,Medium
15.243911207139066,32.047632520068696,8.773912916278391,4.9620627061775435,10.637815865691259,0.7094078000538427,0.41957093224371655,Black,Low
64.34433467939893,54.03446569822663,59.288625759772195,6.776818899569998,87.4465900249339,1.772314430674879,1.3992028182327292,Loamy,High
51.63267658482163,64.17577721657695,40.55086766127248,6.421584232984184,36.05921781891352,0.12341838847947484,0.6462371069750357,Red,Medium
61.526244715596256,54.11317618428325,39.82733318081629,4.333953712314885,32.69549195845066,1.0691074283132505,0.8722750494060191,Red,Medium
57.65048785041264,27.48518658598942,47.6938024419524,6.556262532026083,37.42017361168811,0.5484889477505048,0.7259873809209485,Sandy,Medium
36.70744943609084,26.16310985025583,13.13536293225185,4.093617508923177,45.880735216496554,0.8403443224591047,0.44470481580285937,Clay,Low
34.11974869263698,27.48908091972728,14.209075715088053,4.566180279482263,47.4998935600986,0.4171858829523434,0.7402308374141489,Clay,Low
21.747821224466854,18.36086400970717,17.133682656359802,5.888348670443377,38.85810139575387,0.7811455102601996,0.4532135533249313,Silty,Low
74.48606416859452,79.00429225563512,84.03637958077762,6.54492407023537,49.955825561973484,2.3471526690456033,1.2882715579524042,Red,High
113.99305439437916,49.672359609469474,62.89716957872744,6.424624268603339,44.88460076865607,1.8326088534788982,1.0365434714900337,Red,High
49.594726788551355,25.251209726581695,36.955157560352674,5.728868428787349,48.96657013143966,0.9033220722542856,0.8305617904057855,Silty,Medium
42.57947814807504,39.65442384460003,52.62499519203175,6.3497147005085814,44.357030620686416,0.7649675656629822,0.8645628470565252,Sandy,Medium
83.33844506566153,26.39334898608609,101.13088109986973,8.844772216199217,64.21455337902128,2.3753964653345063,1.552696147614139,Black,High
36.21105739812866,14.5884816445262,43.90724229816844,4.968218301000913,39.0818222317166,0.47718089671356806,0.8154046961394804,Loamy,Low
31.57771843869255,21.234479693313283,23.290074010447725,4.633091237612196,5.0,0.8867536808750978,0.33200896013802883,Clay,Low
49.55936128651955,46.20282459122133,53.62271024131368,4.42824385561664,48.040872655478374,0.6775178834525238,1.0763024611989986,Sandy,Medium
77.555144085835,43.69692410912038,61.07380865647159,5.068893086037261,54.32553145089361,1.0850531781934385,0.8474325749478129,Red,High
60.54478303206337,32.650271718072624,38.01451403193918,5.64207347020886,42.19368409162347,0.7033330876316762,0.8061772367333114,Loamy,Medium
36.91765176023847,37.138825903105726,54.646663947574304,6.662296705544801,50.03056932765929,0.2640065769150229,0.7115715339851449,Sandy,Medium
93.18459076632443,79.87848571772048,95.27008767947228,7.169632921005573,58.72427795449751,1.2974557405118643,1.1167736016501308,Silty,High
64.63324504517908,59.62207222530863,104.66085833530333,7.739931091407233,57.8085392424858,2.5510705391907575,1.347062242714887,Black,High
50.35003638964153,30.800658482129098,51.81279347284724,6.511736065821138,37.25892642907612,0.7169443672698944,0.887298875881967,Silty,Medium
60.35988754507511,71.51351163919185,84.6176737524336,5.1113611491238515,79.41457800307589,1.612230165120134,1.3031963824076,Loamy,High
44.17792665291959,26.02292228036424,23.41030498950559,4.137051519587901,9.737681760152618,0.7307581453658809,0.6615654622340058,Loamy,Low
43.08374578583272,28.171725143118223,56.899534206703585,6.311710565954797,43.24986026325197,1.7472560061531115,0.5044274022183367,Red,Medium
53.33757349503825,51.795883792080616,70.37821415140277,7.660136147671583,52.74417182661604,1.2367054391402612,1.1718561726122179,Sandy,High
56.501349932510536,37.786855384465554,43.16548396960303,6.245697632087926,60.107204058770215,1.2565359410471046,1.1312561289605654,Silty,Medium
110.05328189310839,48.1748430439142,64.7863714217387,7.975590678313766,72.96447999738311,1.5780108290957435,0.957047693914481,Silty,High
79.5920557198188,43.842073903440294,34.80892907135881,5.34144694220927,36.660240714585335,0.7823524284600998,0.7833259133646172,Red,Medium
31.420727574982674,58.18490969331205,32.680397158056145,5.272761815124321,59.63369211349348,1.0771013439608694,0.7798832644936172,Sandy,Medium
54.18739885989694,19.863048581434285,14.216393808004973,5.4952502919756165,67.79385293645137,1.5066240508179969,0.762395867811692,Red,Medium
29.059333417023183,21.511849563736206,29.70791471223464,3.5,61.577561838251626,0.9501527043965661,0.38438453332686,Black,Low
89.1915766086632,55.29006483248316,75.33335413825299,6.798552356197847,75.29111458884393,2.2857825330365373,1.3461287247429676,Clay,High
71.31433164612375,15.43182168639698,34.425412657298835,6.421248548784819,41.71057968543101,0.947556871920572,1.1033031922358096,Clay,Medium
18.35518724049772,18.464905393070975,21.396895324563268,5.4892262089424895,31.269497172799262,0.38934538908301075,0.205252843515822,Sandy,Low
42.035575094051225,31.655689660678256,52.294022423094646,6.454350911664962,55.88806856490022,0.8347750389191618,1.1518393690226412,Red,Medium
32.63681242815766,13.349551683928853,0.0,4.488300039985108,37.474569572421686,0.5392518495253512,0.3953697949179828,Red,Low
43.88348348166929,73.94783869140707,71.14105254411572,6.513415816292529,53.268598527805665,2.6722793287238207,1.4967782274662276,Black,High
42.723831035643364,26.2840359321405,40.47665135842939,5.773362199588083,27.134527290313066,0.9462714317220615,0.771444931013077,Sandy,Medium
56.59541329807274,39.03395222488564,19.448158335114957,5.706591800514387,52.832377064822175,0.5675507917592095,0.9020743184386909,Loamy,Medium
115.19980787872113,64.84440161464275,42.226959325043076,7.663534263884566,85.68909694748459,3.449696069121516,1.383021206491233,Black,High
58.95484764839087,53.589751756661485,41.75494184299636,6.945107652773805,35.924764013467744,1.0617059759380552,0.2722925066625719,Red,Medium
46.18629231077703,18.69320756296679,38.004125622980524,6.663724038774398,44.96526895467738,0.9682812709612606,0.9810331366788625,Loamy,Medium
35.21782277367111,10.0858314711887,40.28002553059519,5.879127041345983,23.796019975390003,0.3604508087876326,0.45721240649011247,Sandy,Low
61.57873487795163,47.74243288922211,27.912905023819,6.479955933743038,20.601828970447418,0.896809854249355,1.1398607508332408,Red,Medium
8.408384353651712,19.766360796383807,38.36172080589862,5.327776815759725,10.95382103118449,0.1392590170426731,0.43759435792729545,Black,Low
28.15594624593633,14.081939914738314,43.06229723343695,5.513327043454004,42.11590878794176,0.8891275463822272,0.3929867588490238,Black,Low
77.04759926342459,63.53543153500341,63.35357287825521,8.452529647831112,52.30369905225889,2.148095436437702,1.1858573726271344,Black,High
38.678612262164506,29.64806700908331,36.030396818529326,6.432832492551139,40.305891232698905,0.49137924863096694,0.7266386298435156,Sandy,Medium
103.53973698843907,54.33600858151672,68.94391665045136,6.575104435411252,55.46825787454752,1.313779327449433,0.8141381528130935,Loamy,High
64.08002858560855,49.155738428283414,62.152236804565646,8.020236899249461,44.93792392478335,1.4530899216990378,1.230829482600354,Sandy,High
55.90960651386321,35.6465432035257,53.51626263981103,6.121530372124471,66.93251672110837,0.9633439816900538,0.44523728582794064,Red,Medium
52.52072050819079,30.14471552816741,18.62457120248257,4.84252475018746,65.77023064596978,0.7743492190701838,1.0324364940614859,Loamy,Medium
30.315229855732664,40.465050415698876,42.769987571616404,6.830133737591503,41.25276828795808,0.7101587286384139,0.6703903578015241,Sandy,Medium
114.34618212259763,39.45815863358143,50.33473436788883,6.5870041718201175,66.42565519322098,1.6236363526581987,1.389865618269362,Loamy,High
24.73905744405843,37.30462989415895,15.747967484046931,6.247962824977183,44.46863067680864,0.6409824415803158,0.1,Loamy,Low
83.40181382880947,39.11846490656965,88.11013990328094,7.78648652439996,77.21031592687024,1.8473819269421947,0.9533609714269035,Black,High
118.12148644297483,58.26974217766484,75.2367533777936,6.421026142757953,55.45488732335508,1.9764758942138894,1.2203013051451177,Red,High
57.56026942622253,41.48459302406105,33.7639312068789,5.442025454325633,45.488540720712926,0.9444316039216256,0.7050889781216817,Red,Medium
101.1643486166808,74.86267621243773,90.5961899623545,5.488011363118593,46.88101854179047,1.5783489347545085,1.2724802314820653,Red,High
47.12930815684204,38.31645204675753,28.044530638495612,8.274685738069682,46.25192252061159,1.2652542182686175,0.6923989231078083,Silty,Medium
53.60145716525721,42.42489233277122,41.61623698611498,7.6412508536717425,28.09532983015547,1.2348121490594068,0.8461183462172706,Silty,Medium
103.17760089696236,24.965809572471628,70.82855019753319,7.535096299257663,60.96794625731844,1.8692179483815536,1.6161371581040922,Sandy,High
128.54207224823273,67.11585131790608,68.61510488486857,6.402887164654484,78.1634395386569,1.6403510698286572,1.1352732817516265,Black,High
42.05801292564863,18.513320138718477,57.94495685588916,6.0764810809719085,63.21530090303452,0.8329576017423614,1.098785646568475,Sandy,Medium
40.46561898602289,22.56271197011546,23.351688339918063,5.865263864299561,54.859721145920524,0.45524873473482996,0.5630868577905025,Silty,Low
52.674536921224544,9.8207179526167,41.59775938714188,6.911658295916955,36.81752052077715,1.2262839329214628,0.8603940161658759,Red,Medium
101.11630770566735,63.53444160989966,74.72875313916856,7.814310182502373,64.64027815465155,1.00924026614461,1.1441261555229505,Loamy,High
35.85819823222265,25.533617937064335,25.89094699229804,5.777547590572508,14.233966617325391,0.494183938769371,0.1653151220145213,Silty,Low
77.86002777492412,45.02560900590163,51.94742487769306,6.254703817119486,34.07686258665302,1.0061083051353286,1.0643486830009075,Loamy,Medium
53.67377435385336,11.95338988727017,53.65020599727209,5.845593801546628,31.322543201764805,1.195379198819661,0.943063124180477,Silty,Medium
126.83415894302102,66.66339757003838,57.680689121162125,7.0725921415069894,58.28099453584624,2.2320387051967407,1.3286736179125198,Red,High
45.56419828436062,32.38107560308215,31.70943853747339,6.222798810888924,46.10612639070804,0.7589560961574369,0.5093380678515125,Sandy,Medium
38.27997890281133,35.128648753343015,45.02639074273307,6.070709550310523,36.532834811027804,0.7761334211162799,1.0318548860970438,Sandy,Medium
38.46510076726079,31.771867567853608,34.68627651803056,5.946302075249765,18.46857189528766,0.6753823066985124,0.6392976995155013,Red,Low
17.522093056846522,23.259044199451502,21.752030649504192,6.392942163105328,16.127083756055494,0.3353705004585123,0.1,Silty,Low
25.512242196133787,18.808266580194033,26.502387706232046,5.018596660494896,33.660260191440805,0.6141308006386754,0.26779980262316516,Loamy,Low
34.16126219139271,25.428608932504762,33.98501656194275,5.334805246747956,33.55785711244441,0.70004436765151,0.31294136155716457,Silty,Low
27.175756454135534,37.475908488699,56.58898443401917,5.831965084129317,46.09961125076093,0.6090085477739215,0.5963533895611162,Sandy,Medium
60.437123788468945,36.089529546770166,71.43544635288501,7.14166933061469,79.15489997572554,2.8961879920205433,1.0324036517455035,Clay,High
101.78247531011569,65.20113872866425,58.5621008718829,7.913299398371027,72.44137666235346,1.7796056526101336,1.0862202131346221,Loamy,High
44.13335577331599,9.248257979170557,14.302210251301831,4.660538295450534,25.89178843990255,0.6194678342819442,0.5925427850763431,Black,Low
56.431895601285525,39.863900563994974,26.201481509769355,7.257267353403681,36.08304468536317,0.9803362663761043,0.894895770774789,Black,Medium
59.790887057493435,36.63371352920169,40.528012555260545,7.318086274080985,54.49678638412162,1.0406351975406858,0.9723543649890606,Red,Medium
14.035990788085478,20.039670222328045,18.135737213822598,4.6779935397130235,25.457432436852407,0.3347895997603597,0.6339015968654614,Red,Low
36.81920288552202,24.579599990433927,17.191088683206537,5.253912094709468,28.421009823034254,0.2557584787577556,0.22372194215923685,Red,Low
28.662125557511416,15.759939746392504,19.095684663689784,4.6772282783857735,12.530558648231327,0.534700780061507,0.5140418750177101,Red,Low
80.30638675230723,23.266805391282436,36.06675539727536,6.246158588685059,48.92520172230918,0.37963741249211824,0.9525935599726325,Red,Medium
50.132651697841254,25.552405854195133,38.56012082823452,5.116338597367402,50.99426414408287,1.4785329141710677,0.8783051863174621,Red,Medium
56.56953659732478,30.858973285810613,30.787849582950763,6.682899065112822,56.557176737528266,0.7494519554320587,0.45837878162138396,Loamy,Medium
24.289461838142095,13.871955490900167,15.5838969807138,5.497529668989708,34.62826046145924,0.6814828999949353,0.566967801181939,Black,Low
29.658864925594102,27.25432958349891,36.90436673981875,4.758968435162379,35.50785869289272,1.0251641332437342,0.9961877547359297,Sandy,Medium
111.97797052284062,39.15764947184854,52.562766048594135,7.91186574631968,62.35886365890321,1.418105111041445,1.4045388954918117,Silty,High
38.599592072436245,23.481130058462007,52.64445156554341,6.56465239730453,64.20096119987141,1.0355678712234588,0.7524271212644592,Black,Medium
26.490126087734524,5.511898219349517,12.881452177167676,4.362133641828584,34.008259901272936,0.45371787106143346,0.708522880711614,Clay,Low
33.41856452939659,35.69091663367837,55.28295585688705,4.330291015283327,25.175078090017077,1.0451026704693789,1.1183295989266928,Black,Medium
68.44487198836885,42.283879398015,78.13130239817795,8.275676626044538,70.49544262734658,1.3502557941477802,1.0152111225621372,Sandy,High
74.09258727093723,30.309970633278432,22.21485164782696,5.867512893452185,42.65169095813993,0.4036105516191507,0.8710482130396301,Red,Medium
29.45468994288979,41.03573574417641,55.60203381411052,6.815696744748248,37.988586054574974,0.7187950751860609,0.8413832855024392,Clay,Medium
68.93887056712883,72.08291818946557,61.58797468012703,5.195669330292867,66.17773714880957,2.167954879140044,1.3457491225770928,Clay,High
34.163350852766015,28.33920816814258,62.540648456124835,4.826120090428573,45.35566663356677,1.31867633457111,1.087083575205493,Silty,Medium
60.448347675059615,21.54874564639351,60.478125007150226,5.439950630971365,36.19284901962184,1.215652952858001,0.711536810942216,Clay,Medium
80.44975583000878,37.7709704412305,40.235347185108346,6.941190366548908,36.018949599014654,1.4687359887753748,0.834218142305236,Black,Medium
6.156294001668975,0.0,5.985757675865674,6.322039598988926,20.74066598411259,0.7931599618241716,0.304456596196073,Clay,Low
78.30045484498393,39.42956083870567,48.62039768384422,7.437358745688957,38.40163763486102,1.27050289308543,1.018286570934921,Silty,Medium
49.51973275341588,28.189536146448283,33.56211625796701,5.75425410802677,34.995842187298095,1.0600543285478228,0.7697660110805841,Loamy,Medium
35.04390313138667,21.012546146798478,41.25607540192025,5.779903421108975,35.435054325684575,1.458706102722461,0.4826619501869691,Loamy,Medium
29.177640216949975,25.88990626414341,29.683328173302314,5.531871424086225,46.61831799143185,0.2602199947655724,0.3918518919998864,Loamy,Low
69.77517762883552,80.21566889513349,65.22453284131656,8.685164142000204,89.11575312476165,2.9579547527523546,1.7835380453475258,Silty,High
49.19430536492676,35.51161057055341,47.53807233458421,6.400049763688291,43.01636185980947,0.9405238156368203,0.7175200718347615,Sandy,Medium
69.14390331350367,45.75017103540126,65.71594831497326,6.565071102419513,76.430552402717,1.6299685534001955,1.5749258986054808,Loamy,High
50.58353596902927,34.740425349154734,28.500441631751194,6.670461751576557,56.190271555779525,1.2472551280538675,0.522521701216869,Loamy,Medium
106.26551727346326,57.09365551012344,55.60487616402877,5.592354479762658,59.481115727155355,1.5781573196679382,1.5119729612206718,Clay,High
13.873036229663711,24.025328492652797,27.50756898675428,4.274223429665947,32.661230573127504,0.6860483487598693,0.4493823753691246,Clay,Low
95.72529782863353,76.11431836414533,63.029274877410195,6.409092159123998,59.284732043656064,2.186772824343712,1.2771649749343994,Black,High
33.99701532455772,39.60731401719776,35.09341543729215,6.033919563221316,66.49616352707447,0.5305271573701974,0.7585171569433384,Red,Medium
103.96465830780035,56.37517166381978,72.74580098129235,8.095562096146848,66.29653165203788,2.4530612923811526,1.4502720683166377,Black,High
21.634713098825827,9.375404248949181,12.706831058431382,6.132210275127704,23.62675009209667,0.7793730935947535,0.16661608435124603,Sandy,Low
46.53805568386386,36.380600702611545,42.652318083562996,6.285939009627194,42.349167175215086,1.003848008122321,0.9611604232561386,Silty,Medium
22.821467626779842,14.850893634912996,15.775384435408679,6.128848698522749,41.33163884767477,0.1,0.1,Clay,Low
51.46447777250095,38.66256407028049,46.08414656318071,7.517935017103154,55.26533654528819,1.167927578561647,1.0719746747175032,Black,Medium
25.064178160682538,19.100098449023882,27.020364999525093,3.899383798019965,27.395930931255183,0.6161105911242579,0.5058891827515204,Silty,Low
81.78307901255917,63.449632485282564,71.25600001423847,7.032096557486568,72.3324305519157,2.0171684002332264,1.3513571102689146,Black,High
97.24329721478105,71.26860598233918,105.25517276724656,7.532634996021249,56.00319683173819,1.9149656800843162,1.381269156617317,Loamy,High
7.474773401175931,30.110703930637875,43.454585548639244,5.49764946428915,35.92135081223133,0.5544062955092643,0.42113831816700686,Black,Low
95.67104785540648,64.08993622004742,78.02669714565253,7.708550976728134,72.22643270981342,1.2697735605907448,1.4830350521822064,Silty,High
75.99167916771964,22.9097517009725,48.007133421142264,5.8870734785521135,62.55065502908559,1.7305715595871862,0.7981768535807363,Black,Medium
78.41002604645334,34.596166116166934,45.5570193415638,6.707416603873524,35.88954422175659,0.9830292785643682,1.2914131633644264,Red,Medium
51.92754917884528,31.198575004267525,46.6598611149127,7.802095939631544,47.37884918305645,0.9303564695827031,1.1721897051753865,Sandy,Medium
53.37306355078906,78.75686348226391,70.18434852189489,7.704240765134113,46.880748528253484,1.4905448385627116,0.94285882023868,Sandy,High
37.957530641399174,29.665650636974842,16.479312284381525,5.4720780497779735,55.388969875123934,1.0542999168643181,0.5836788716682263,Loamy,Medium
16.339656206329263,23.775710963307347,19.843609265381744,4.872413794725371,29.089363762725455,1.1342868295997701,0.2834157264859769,Loamy,Low
63.751743018221305,33.581213692895965,58.38242971260523,7.280176205758062,57.55395512753232,1.6029355088283694,1.5050155023617824,Red,High
50.57991502166214,16.347748545514992,52.63349160158051,6.5836056596547285,55.54643557800661,0.727707792598301,0.7777847322300683,Black,Medium
75.7086092070596,29.47171968428619,30.36985831996728,5.856096588020147,26.668577998993463,0.6735217636294011,0.967617128448988,Black,Medium
89.24657180709755,54.360397462356026,59.49554801450665,7.1046149820519995,49.81040037848568,2.0531546483473595,1.0544647163997474,Silty,High
28.882419919297465,22.355551308071195,0.0,5.277970055394725,11.298664513569772,0.3504662312596807,0.40052867608559395,Sandy,Low
30.248650985364556,23.76061252863626,13.265342071807094,4.533142098251875,33.197140999091815,0.17043490275709972,0.33414396446621786,Clay,Low
44.69579736094605,26.484691057768718,68.0632145766531,5.969711034664278,45.07134170078182,0.7304783946918081,0.8220507967847952,Clay,Medium
37.82688243808649,43.87595080794162,47.25276301146211,7.081519415012146,42.062373665920965,1.0229552992674,0.773118771127702,Loamy,Medium
22.44281235105989,14.334064007832687,15.840363695278361,5.266405452376678,34.37628713435443,0.2845648452012631,0.44278426989170316,Sandy,Low
57.73381626200977,15.070591954304021,32.90320760346815,5.09503140854638,46.394613119820946,0.6797079890329066,0.7108269539461154,Red,Medium
34.0143423804997,41.33699286236246,49.75073563754693,6.520183425179483,42.37669684383318,0.33869397010918245,0.7191945423911339,Silty,Medium
53.71813197719841,39.81677885684809,47.89559194991704,7.410430647301271,43.88185668986439,0.8744566485883397,1.048333210358567,Clay,Medium
103.14016369219026,62.08822766335756,64.95129321705467,6.28264966771743,71.32019825753127,1.4295509990189288,1.2568647374707596,Sandy,High
35.68096642539372,23.74289746848281,29.83975575631944,5.199323569182602,35.54890583430227,0.34440691483757563,0.7458636986911606,Red,Low
54.014072482970725,52.626197656296625,58.85930179411064,7.022180284209585,74.41599184056733,1.4801074230061892,1.2417639526135589,Clay,High
11.565083927483933,11.167569846703469,32.568301127068686,5.154288369272494,31.511549298245644,0.9184230764233903,0.2770676336763074,Black,Low
76.03593905328874,77.11850774062356,40.78271847160781,5.592194947373697,44.24612012518867,2.2887114592881064,1.0779680182840663,Red,High
7.085560676867943,15.90091171067265,29.66521720841967,5.277069933791074,26.029223538312372,0.11554197911326579,0.36096862428456505,Sandy,Low
96.09782315955762,66.39095965303098,59.54162066153447,7.553248974394535,60.57338523270757,2.1817979522631017,1.8195621848162626,Silty,High
64.31175045674665,47.354610227790005,32.35183591577801,5.939903465425072,38.963474821249555,0.9101656284391634,0.7415995886314632,Loamy,Medium
20.80033195182864,22.287172361944865,52.0391369145184,6.8422209188967,37.29319291219123,1.2744180670038545,1.1119107305003506,Clay,Medium
14.91242875729725,24.99963405051398,38.23045430970873,4.479701787592305,30.392520739500338,0.781637352372885,0.44076456869337355,Loamy,Low
15.233105000448111,7.834219208047891,4.094772099156253,5.933285105215976,21.652886809825738,0.7200008199113871,0.5242117975042925,Black,Low
56.745132479583546,39.42302069907813,45.657172239744725,5.560197493005294,35.807954054180925,0.9185055367472221,0.7922439094292163,Red,Medium
28.59164060761382,11.512930247062712,0.0,4.561743955884473,18.541707950902918,0.3929701654340854,0.463609857995738,Clay,Low
81.73084187101136,40.61273089727829,66.91000739977642,6.693227062264263,59.02848091966042,0.8423293185137124,0.5836079576675558,Red,Medium
70.43682231989958,42.383046420852565,74.66940307873216,5.755336848405574,42.064604674459105,1.2287238321630098,1.1843804632862904,Red,High
20.202269514606897,22.80355444223368,26.74443046863351,4.637421863637482,15.264525716649455,0.30548029469135224,0.538016065761039,Sandy,Low
92.04470007712122,78.20882967467122,60.268353149927556,8.237906928587842,52.7515706067366,1.7026691622793817,1.4484002912283733,Sandy,High
36.54036584117136,20.739782895821225,22.615435620489347,6.819313907247864,70.8252622614408,0.872698248590284,1.0079144663806034,Red,Medium
82.4937387016992,53.59399115230735,76.60094211527958,7.37973565922815,68.00346377850934,1.879534491843084,1.2356631876617725,Red,High
100.95432777513193,38.17616322491566,77.91017027337314,7.276956465593913,47.174382641620554,1.444723667945835,1.8440128743891284,Red,High
62.2215051219923,24.50057273869501,20.953711730550854,6.815815638437174,39.20065655587476,1.1928464130400738,0.6412081916174799,Clay,Medium
47.244936946577674,4.51870552145121,48.58415048845506,6.168214937255688,56.700550535660696,0.8548498837638043,0.9863547256256633,Sandy,Medium
79.18753284363716,48.95137422488611,89.4081448353613,6.7620128471490055,51.60659532023692,1.541754258525869,1.5202143036919213,Clay,High
23.572170552552627,26.48150055374237,11.852368111344582,3.535376591100868,21.471333536433576,0.5781013812511219,0.3750879263391439,Silty,Low
52.43131309185713,37.27916164184841,49.035323117400445,5.361180603320085,55.59069263681236,1.3933491938550862,1.070868250681544,Clay,Medium
27.214206570280556,4.100629881836687,20.850653472225297,4.430397955394487,38.53951093751723,0.6330328625363937,0.2489048140703652,Sandy,Low
101.01582514978068,30.541344501855654,35.910647276457674,6.9343336597567395,29.091581309119405,2.1199204945452803,1.4158181766031679,Black,High
42.03890797990412,34.77299810748672,56.99992988351629,5.459423993268514,56.98417357301918,1.238763237081954,0.6868018072447217,Black,Medium
64.48118320396584,29.03493900838374,46.72508592054631,5.90325470547735,34.74588593569921,1.0014598375729544,0.6227111132559147,Loamy,Medium
61.47572051483398,26.058765439030278,46.56536518247819,5.552870476543475,26.74824633037989,0.7708324497658889,0.8089302975600037,Red,Medium
66.52279384045166,22.207172114417684,43.4275812795595,7.715493361413061,22.827039364590103,0.9772964498666419,0.5842713314922172,Black,Medium
21.22107763820272,22.817243504720665,23.555206594095047,4.186067699662804,24.118379268209125,0.5199719082098353,0.5530885591270225,Silty,Low
14.862500873955659,18.28419223421481,22.80976195033809,4.546969335129154,34.70257805934544,0.1,0.5195669318390399,Red,Low
43.210456011869574,49.1229523292915,28.861793892692937,6.6181754228830645,49.97435305326963,0.8008807499887122,0.4648776927855612,Sandy,Medium
43.55934639875154,29.584688295877882,39.414243307933,5.44785626180018,47.97940703292782,0.7708300976257997,0.9675954198729624,Silty,Medium
78.01071058822096,32.512357548274544,34.3610029874622,5.015237886602715,72.32012063289775,1.14863239895484,0.6676676173404459,Red,Medium
55.97444995089725,46.05843285375386,65.88280247743408,5.6994464770543045,60.7444669821589,1.999024017504711,0.8654869596697579,Red,High
37.299338620569365,21.201761914164177,20.243836452199083,4.63232876829662,42.90542896751274,0.2707946573436575,0.46370252599712203,Clay,Low
19.58976362824221,14.018113504855062,8.581351293685767,5.406098992220286,25.761841569677514,0.3131022454552357,0.28197307199808924,Silty,Low
32.97852672425374,21.844174385223486,54.7563371062086,6.267103539336422,64.36118195562909,0.9601003111642653,0.8197523021327409,Clay,Medium
72.89396521936432,48.42674386532263,36.454173560775295,5.3861148907136895,55.12949755673088,1.363027910690245,1.075820121066122,Red,Medium
63.6449367179864,41.19926418393642,45.787313496552855,6.5538988997896,47.17834404163366,0.7135710400163293,0.6690684637376904,Silty,Medium
85.8571985469682,53.43197278027417,80.19142617093924,8.034645554681202,79.21582674300488,2.2957554924900956,1.0380173123590777,Loamy,High
36.23817935871976,30.800491555943637,36.55992447210426,5.221917452913276,10.03296052396373,0.6077462712240622,0.5199793562236938,Red,Low
101.19266806770669,48.52478114928951,51.53412296715747,7.085342435169289,51.698603564467646,2.3195575848737957,0.772723497541462,Red,High
25.382800861063945,16.345866659750698,11.748837256952585,3.6567565882898556,22.21714182534585,0.31733442920307464,0.620112598592722,Sandy,Low
26.938780304640897,38.28273013491947,17.147595773783983,8.076236942344556,39.8764707105832,0.1,0.6620951153768272,Sandy,Medium
18.786000549470685,15.082868833609258,14.373828466744078,4.5285115460522505,18.413170480011566,0.7172294617439409,0.6362044107425243,Silty,Low
11.704910062578213,18.5681655866914,23.299637621538196,4.946420973200323,30.564674799925033,0.47527208615379685,0.23025490996369566,Sandy,Low
78.84707480340849,77.4580024268378,74.72672943070762,8.673839817334649,77.2784992009838,1.7954196438191619,1.0475300773465053,Loamy,High
82.42802080878562,45.7536326961248,81.32895916176066,6.934894197320429,81.65598291077858,1.4709449320632941,1.5298520670422873,Clay,High
39.17326630908094,25.819444005730706,22.165512592212956,4.984237821549679,47.83030992590942,0.5403162808179959,0.554718065790812,Black,Low
12.499269924134513,21.24736707889587,28.011316996051043,5.386449386454112,41.459495013935026,0.613902437256191,0.28045775285986474,Silty,Low
86.39215921859926,45.94218793070645,83.11633970581677,6.971433149415701,54.13499283846448,1.9503556501242576,1.6457987979517996,Black,High
26.629938736760142,6.535632101889274,38.19365113366284,5.825439321157576,37.51951570704327,0.1,0.4273660771180433,Loamy,Low
62.92504701280958,28.03866105099624,45.341425142813556,6.895530351163763,36.717059594935854,0.9333446339726447,0.8625318607474115,Black,Medium
104.50808137864996,54.886435287014066,91.9212483805276,5.332935817948822,88.28910983921752,2.603738769575615,1.3778525778703292,Loamy,High
51.39200217591554,32.536432886564896,36.669555495627954,6.106358771508923,52.671201707268445,1.0759651541490265,1.2570526757720724,Red,Medium
44.08741683345758,8.232365773921847,16.946699819440333,5.290220198945632,34.17175082263225,0.207713764148001,0.2856349974527484,Black,Low
32.83884369654817,27.467039077623085,9.659781513288348,5.796961967133505,39.307787443246625,0.43418761250548704,0.1,Black,Low
42.95837931490113,17.05357939987023,10.931720240096961,5.203493988466358,17.046523291344176,0.6434416120495239,0.24402046933108246,Silty,Low
30.130412532750814,32.00186946241776,47.27566316259487,4.37209414595432,24.033936732846808,0.7724732980907594,0.630382082695567,Black,Low
19.815770167485265,2.607830407757513,7.628322200076299,4.702557878251337,34.2587282238035,0.8686169425682698,0.4837826607147716,Clay,Low
26.293967694319885,12.360432424504014,19.16250046129426,5.586862143228448,40.325621693267834,0.48451007573347676,0.25275925277105304,Loamy,Low
71.72350537684989,27.06562490129101,35.98643294881175,6.7247310317103945,41.11079714789069,0.8150947451962687,1.0959107714308536,Red,Medium
48.618234537530626,13.098916695137385,29.66728402800712,5.023840236652237,32.71362284872136,0.45693124005717706,0.5741837973659353,Silty,Low
81.01346921391986,33.323209667150614,35.89165326776551,5.207770728070481,68.38693637243176,0.7844223870634244,1.2736044124702524,Loamy,Medium
27.571737203326965,19.35875049862398,43.15950939276695,3.5654470014053965,32.14341519507505,0.4563511341927863,0.38164319068504865,Silty,Low
55.01009067501289,32.74064791629441,31.061032047962634,6.705092830248704,54.59265342039497,0.9448563776970897,1.2309371372092954,Black,Medium
62.883107315269186,42.150028184308155,44.36116343131865,7.313097683787537,72.63094198611466,1.3593442123816861,0.6945376648012795,Clay,Medium
65.40391846473831,32.147750640020945,37.198297434715144,7.667365589902266,33.13216342577251,0.6676004733101245,0.528031881909689,Silty,Medium
71.95751803390405,47.08916032164524,43.111453586417966,6.797051516445425,45.87394506851301,0.5924069522141134,1.3079835416883752,Silty,Medium
38.30576124172369,30.525721851132424,35.69089338296037,6.478065792742775,49.71907809519218,0.8476623518568913,0.5000291943604596,Loamy,Medium
87.75053493662702,60.39228800272198,67.36559480508025,5.494189996203708,60.917093098328124,1.877096107470602,1.4486696266014816,Black,High
98.65482884960926,79.25132130467237,74.23762783256889,7.889294238728851,76.63060995504821,1.028263050490573,1.2067343208474415,Clay,High
28.545766637747967,11.671918725490904,27.056808900303366,5.786719668697716,42.03570046020159,0.9086227747658242,0.11831566486723932,Loamy,Low
99.06285542130324,57.14227159465816,68.51260016499033,6.848825867614573,41.28465012228429,1.5682088247062718,1.2186826735386955,Clay,High
42.63782415120936,61.1460456417868,40.980163501203194,6.622496006613385,48.910435420044664,1.126837849586925,0.7149977915085775,Loamy,Medium
31.40537002040534,33.726503368982534,41.93422015193851,5.976448930306082,52.11156162667701,1.1404175567537662,0.9336636782190768,Red,Medium
53.3702033224988,9.8969263320505,53.33471154725808,6.519055945041774,34.18286467994511,1.0341746835189924,0.962546465837649,Red,Medium
57.14562890906188,43.41449549250817,40.32151975767061,6.729602575676043,38.54664166955413,1.283089012286391,0.46586355486353204,Loamy,Medium
26.19479858032808,27.26648456455897,13.194556296087022,4.956468964964551,30.60630089731278,0.6241320544121094,0.2314388488833635,Red,Low
41.31452708612218,16.758568116756944,53.938632796227516,6.45130043712694,51.47246376278484,1.3919568188745677,0.7504928327844035,Red,Medium
80.94762906578832,52.792716234639485,88.90601331326233,8.773691427061838,63.157845388708694,2.3371849404197196,1.339352735541107,Clay,High
76.33844017077683,3.810272147096171,101.81264411293341,6.2747406710948415,58.85975711564209,1.9289723783908836,1.0305350498890542,Black,High
51.291001033246644,26.625190486847586,45.79162419981626,6.118620139807976,57.13406285545723,0.5478851636954802,0.6428143494038077,Red,Medium
55.84148108422457,45.735926825879446,66.38434053296987,6.812538957539663,53.3434862976027,1.0144021101212537,1.466484499630989,Sandy,High
4.985284449745958,5.57167506061179,31.028569747749874,6.198857438438017,8.708210282952635,0.7157047603069201,0.7148183795607803,Loamy,Low
49.152091505919906,36.46100799630432,35.36920022543494,7.200822820817112,56.0134254113856,1.467412806718947,1.1369336212042493,Loamy,Medium
101.73405784291035,47.858719133210705,55.53481166260267,5.6022764818771105,27.63960724926838,0.6197899714524021,0.6145935928765999,Black,Medium
42.186029066104666,31.505440880136216,44.997747481351915,7.040040536418931,35.454426850770034,1.2658870990018474,0.886018870708274,Black,Medium
114.76012058420697,52.85372329519678,52.115998007100224,7.3608883023054466,62.70844250301035,1.8715398913168029,0.9182896559463688,Red,High
57.74332540431074,58.9589232838534,55.4350448743998,9.320645453637717,78.11522221595325,1.8184850840725875,0.9061971067565622,Silty,High
63.94039209090862,18.0125858251076,28.026633863095185,6.407065012134303,47.6010000345229,1.064009422158288,0.723304434480235,Silty,Medium
32.89308788912085,19.712965429345005,29.70713994191386,5.927398636347877,25.446676548951185,0.4336096708360046,0.11608912389271497,Black,Low
42.298595584963984,31.81724831043425,30.967002512674078,5.703120240105247,57.853301658796035,0.970201547272675,0.5424464875612428,Sandy,Medium
36.10003390479895,24.104351530540242,39.94105059460962,7.2725287082659795,54.15913406720239,0.5834927637298551,0.9213212408195484,Sandy,Medium
62.835290150278986,49.84095681449939,52.54947829124155,7.946749713437787,82.18213655451893,1.8330711668866584,1.0682577924875922,Black,High
13.74147457918233,16.8156426499788,20.41061612128766,4.560456608441556,33.85981694087448,0.35201311957985176,0.32275306583585245,Silty,Low
9.23550229970021,1.5483738401868585,30.182723666383264,4.581773837621707,57.51047772988044,1.1322948563028894,0.32883384809057,Clay,Low
41.67497915291078,4.875748633788881,52.25786165120392,6.1680352319087195,51.17633902892439,0.8813491470486652,0.5683514752682498,Red,Medium
63.30619657512063,30.8479832164167,39.67498571188871,4.977110716371728,47.0944057813393,0.6164204175537411,1.0220757639335847,Red,Medium
49.803819223188086,15.547406218395297,16.59425183866924,5.509935390129251,12.147381977743471,0.8201942372268461,0.5989092078220071,Silty,Low
0.0,30.14647131676646,28.725605287936006,7.299285427167632,52.76765974236493,0.8531223735593857,0.5553155366291971,Sandy,Medium
119.1074213380113,57.71541893607708,76.10892830266637,6.485726053893723,80.29042251116351,1.9555422314033155,1.6540096739040941,Silty,High
25.482574748186206,24.12670378138192,35.42540509091208,5.579245454464724,31.382238071542726,0.1,0.5658694870868383,Red,Low
23.737509061366726,6.657852135475094,24.725030898738332,6.608022418145094,30.098818050784903,0.8023446756362322,0.8440241709735795,Clay,Low
41.682507077476345,35.60716275735023,49.76936219731178,7.54705050661917,60.56860408765703,0.11903491445462966,0.6316349985168411,Loamy,Medium
0.0,25.018196634742548,43.95667271014806,5.979772253750849,38.12108265177398,1.0971809016764114,0.8954793985554687,Clay,Medium
70.9899851131956,33.63485857467424,33.541835964381434,5.500370142120133,48.65768584420359,1.4637898635098094,0.6387884839885105,Clay,Medium
122.86465939009354,59.46352049124798,56.82838016918625,7.562732575888218,72.0102858816476,1.5332553748357578,0.9240812027875972,Loamy,High
22.960853572196918,5.867599266099571,23.545209989906127,4.654104971385156,13.359581623237672,0.3483936620694461,0.6509253721572353,Sandy,Low
48.42464456766761,39.55376923690609,45.183734977736016,5.515959339028425,31.620579492393706,0.614276577866151,1.1282989968599924,Sandy,Medium
34.721958986770794,33.587302269578196,39.16871428696727,6.275919568559454,39.567486172573275,1.3717074868418833,0.8158405618878002,Silty,Medium
12.63729414486875,18.868429582724218,31.623168217868415,6.130883689836494,16.669665290525018,0.12442856242136409,0.43118422440747395,Sandy,Low
29.955560997120568,23.442368608638443,8.137260770028252,4.699608761011003,8.038876942070981,0.582963441817164,0.1,Black,Low
26.445195276172246,5.899415138576558,24.757126539131768,6.4013927909226584,38.92823759649359,0.9170116197983158,0.3326702438946804,Clay,Low
48.831559539261704,11.806241095651973,71.16906273576734,6.511720037184395,63.16942850669259,0.9251640832884972,0.48052099863117664,Clay,Medium
29.83722639926166,21.544678490555622,21.739513036788836,4.550791034672461,28.50367762973769,0.29198780174982875,0.5656519846606087,Silty,Low
51.657561070433644,26.748133811354666,69.2878147973842,5.358348811077331,27.464642837669892,0.925398205811593,0.7632295881544006,Silty,Medium
22.639312052850094,22.002702262555786,25.821657482496583,6.572489704127365,29.28027051445891,0.28523319052553714,0.45573019796907793,Sandy,Low
22.051154258163372,26.743859768847905,27.021841188704215,5.308989230551972,32.84315240013445,0.6278252566165216,0.6765420133136737,Sandy,Low
36.729560188804484,67.69442797810821,83.8675642394287,7.037393538764221,53.055330562474914,2.5264366096836404,1.177973800768123,Black,High
43.94959701304497,37.94836889982048,30.216415867638457,6.850041489525878,33.61440574647331,0.5954071103442026,1.0147528104627048,Sandy,Medium
46.114806131994534,14.868955762429206,60.373710219757996,6.648202981810796,45.656559351610596,1.0017381545403423,1.1498285638034855,Sandy,Medium
32.79016054745675,20.96948744493941,19.328455226281527,3.991594587973399,32.14922059104208,1.0211340952256323,0.5249999334043782,Black,Low
19.43241520143902,1.2637930200399623,31.17903815182521,4.438233563134821,43.02655535806119,0.6363724929147043,0.3789961307406312,Sandy,Low
90.78269705048166,44.000077416206835,46.85840029741507,8.711323195365017,47.41097213147786,1.1245444456636509,0.614033098406963,Silty,Medium
52.614529349896294,36.62189942850844,29.65902218257994,6.928539457694359,36.03537371147588,1.3591443693819891,1.0256838262256032,Black,Medium
35.11574120036967,49.98014249121991,54.474945131590346,6.521581067077926,71.25566914385723,1.1114755095996256,0.6834884137571767,Clay,Medium
84.6535922212834,73.45662901150945,68.3761634565516,7.99181243514211,53.293047651426235,1.097383065731633,0.8842322945358911,Sandy,High
31.70148116080552,55.1046279430922,54.198712827283366,6.323508120668551,66.66402114814689,0.6711837471702581,0.7898285761029363,Black,Medium
91.14902045447243,41.64165323385693,59.67111090358679,7.467915858763897,46.01922952297645,0.803536500621327,0.7946031296263091,Loamy,Medium
25.274408284472266,19.04263670240273,37.89234995319204,5.2946812776088645,53.62617557786872,0.1,0.20093213399461032,Red,Low
50.24676479546645,16.853904807836233,41.058506766212446,5.441921393796069,29.276490782202334,1.5496483452961698,0.7426460493302566,Loamy,Medium
50.51269844531061,32.0475610170655,33.9120676125484,5.905432623996175,50.04682574228976,1.3755905936191861,1.0284358400418963,Red,Medium
59.6070081844379,26.12806899325155,46.185165154238824,6.857829746919919,46.56463537387451,1.0940730002470163,0.6301507762767639,Silty,Medium
44.4143054204355,62.08991712659398,73.86821540816516,7.478649054106543,52.79118542857259,2.1910627518998833,1.2197654091300725,Loamy,High
27.371755757213467,5.227827812308071,42.90556581786664,5.834244896379845,48.26844320850998,1.1197699648633632,0.3566568363357133,Black,Low
9.15563708537303,30.243310103748023,65.18783427003143,5.508210695042147,43.48094806163493,0.7836289252751351,0.9024989337936974,Red,Medium
11.17446420206348,31.686537933046534,28.330668744518096,4.721696262773835,47.0708276192641,0.19239306726642297,0.5876184284143859,Red,Low
61.70470137620629,7.145806372619312,40.87155968126781,6.7098598779159335,45.240037379262056,1.3265893318402553,1.088797101570973,Red,Medium
14.47748233966978,18.43212352923805,27.56128249307621,4.5153019481175924,42.41357327832108,0.4545346678528393,0.3154744450657773,Clay,Low
33.21701229491616,23.244809837005953,56.49387248036099,6.4868457215399475,25.695509450724416,0.9653539308131706,0.730547728906442,Sandy,Medium
101.06828594064817,41.961147074438,48.09848365922398,7.475462547347393,72.4752907520151,1.3694167405902555,1.5055393846896739,Loamy,High
109.93326541942194,74.91528729272282,73.02606595412048,6.240627470423012,61.27348131234217,1.88511147353836,0.8978966515766279,Red,High
87.70373244582825,55.16275491353752,57.55666135250219,7.6384492848417676,48.42019524293199,1.4102694091255592,1.4685474157755016,Loamy,High
39.26838075665851,37.68561677130619,34.65431311065162,5.992443238212631,47.726048729818764,1.1181098596447803,0.889862982968484,Red,Medium
58.212426228919966,39.06171886315929,57.49393579715015,5.824383856423291,56.987027399003296,0.6657954497603429,0.7252200061103092,Black,Medium
31.801454999947214,29.802178873447154,46.65777097213761,4.9393822545333315,41.263739394749855,0.4254797203210028,1.2691385325497277,Silty,Medium
55.71317458654625,39.649726936609156,55.73785819801434,5.14915685694827,61.722131169121084,1.3237475882051764,0.8054037456113408,Silty,Medium
0.0,8.04807070238729,26.188492762631572,5.940432226416924,33.55953229905118,0.40146270737056844,0.7666570861023201,Sandy,Low
48.003088484628044,9.230662122347196,6.281597794625437,4.805226229013254,25.10323000616945,0.49295471027638443,0.5636563253522008,Clay,Low
49.792561649360096,33.64696297829795,16.25209408430256,5.187791593665547,46.341416592628576,0.7947183499390736,0.769006752827854,Clay,Medium
56.55663564554028,42.89660297829457,95.36921454387605,8.279244574313115,69.74640666343547,1.0437571103079613,1.335905381829162,Loamy,High
25.229704600600936,13.439911555125125,17.373689561302555,4.652199564969049,20.77517166637893,0.9665342717841116,0.5788164831053451,Clay,Low
90.7940178078107,86.80036981306486,81.96109889465127,7.651292656855294,62.493753169901346,1.5175419374677261,1.6371588707452522,Silty,High
30.611733602932567,25.3075408157257,49.44639865207806,6.787112515907184,20.85002852448566,0.6732839622245999,0.8998082617287794,Red,Medium
23.024920855663126,23.24829531712511,26.377837069011182,5.959372499408661,30.82263887889499,0.43056331516947477,0.1846752744920553,Red,Low
97.15058615993455,68.41039749974884,72.23390410765589,7.096707304094635,78.59298626796969,1.7316141741103825,1.6328492745700658,Red,High
17.811317645520425,24.341641053912063,10.855155534085513,4.874764167147556,10.262911582596118,0.5301202084294134,0.6444222496305869,Sandy,Low
85.35719495168017,65.75160554371928,79.19510125498408,7.452956060255472,63.74328745425493,1.1396908043510603,1.193945835814443,Sandy,High
51.673807279303205,38.91246663449397,71.67961784037558,7.406590385135738,62.12144481907618,2.861225181978762,0.9924665195565243,Red,High
40.20322871714386,26.52541696932463,27.550668617746183,5.849177781689477,30.553943476577,0.919091618756932,0.650968639143767,Loamy,Low
8.979737075204625,30.174311785885678,23.242314410317345,6.044140990846909,28.906424952321704,0.1,0.8947261573925983,Loamy,Low
14.997705142580203,27.166098307127108,41.35857281244296,4.95829327788009,29.00757589273028,0.577131096330779,0.22002528632062196,Silty,Low
80.3558712420097,44.810654446105886,60.767329658187606,7.550919665853236,36.31334049337579,1.8069529568886167,1.9394212486118891,Red,High
94.46405561637346,72.43019654061573,88.9092205567404,6.786733196859812,74.022319443736,2.4512048678906897,0.8961465719252433,Loamy,High
46.13954331324514,33.160966362319186,46.78003967036514,6.6524577582795885,53.48104516292232,0.8743635191745232,0.7808671491711981,Sandy,Medium
44.440919714767396,35.87282713166934,35.52715114541208,7.156701670971698,51.16066168807426,1.293058226017103,0.6794597713872541,Loamy,Medium
82.17511596801704,51.16476019537354,79.17856793043835,7.495304314781155,51.15607999316327,2.6009680849336196,1.1350860558436953,Clay,High
29.43669329566214,36.49138770728342,41.77254558873829,4.819812258852654,60.366315225014354,0.4250135368532079,0.7558332905872542,Clay,Medium
37.540253575751684,41.803921176182115,41.00578339364721,6.075952244248143,61.29990972603188,0.5998163794536269,0.7188864037965071,Loamy,Medium
58.36105288980964,78.8548602363067,64.53044023893165,7.687074643271129,73.34165731429304,1.6360390719357805,1.1158766086829635,Loamy,High
36.21720249662628,19.76415552395786,61.81043266104348,5.812115943653684,50.24900658434083,0.889338737330269,0.7852695655308493,Loamy,Medium
81.29661624484953,49.00443420494972,70.05300480156188,6.446887422830245,53.28882099587443,1.7882787810903962,1.7156988316088124,Black,High
67.70649015390116,15.540868184738926,66.55895424264685,7.436124615861538,72.8360081682837,1.5041585180683164,0.9161915996503378,Black,Medium
70.48381137252807,48.4641691161699,73.66929119521949,8.131993377810353,50.87358141383096,1.5551209044248917,1.3162306618979647,Black,High
62.72668724435093,50.93553632830772,58.4055403218023,6.41532884622969,44.91282701333227,1.4706870906942242,0.8233888787881192,Red,Medium
83.33250366696922,42.18794887592927,32.03490520511585,5.40878177495337,42.42844695924279,1.1628497370374675,0.9178528907056829,Loamy,Medium
22.398146615743027,8.933263175120878,32.80437377897345,5.095757139554224,14.938602317672682,0.5253425446996647,0.24076713999713875,Loamy,Low
83.12383952885332,43.80715776270874,60.1980132966983,5.9810804633260926,52.67524044783694,1.2766313828047446,1.1148259219111256,Red,High
28.208800588833196,27.557721799926306,43.853737294813634,5.574127509745238,34.49587024633308,0.8372171344209294,0.5039859870603886,Black,Low
51.53078709844162,21.761630395317653,59.47373811682388,6.3749641521133364,63.39422769148771,1.469448925290714,0.6822906430992849,Black,Medium
82.883611919325,18.27710194475368,49.941346150050435,6.741932932918023,59.484602342101,0.8513909578086764,0.3479859361903477,Silty,Medium
23.589214672503765,1.6064638670615707,23.59908769856812,4.346903957934818,36.490851030934536,0.553129036081964,0.772997079393552,Black,Low
23.656213428945463,5.013854492316733,18.952869948625043,5.627389408820035,36.01989805664962,0.4496157429213118,0.15778389895512634,Loamy,Low
58.71178536741582,42.27751939237859,40.71065365718453,5.052500165752354,52.405122196920345,0.9472571704779548,1.1261704301480246,Silty,Medium
58.67607154985569,26.433758243187558,36.258371346517166,6.321683786929647,34.95512430076033,0.8812713603602104,1.246703498638714,Loamy,Medium
89.16075882799299,75.72348165336885,54.80166243189367,9.141395882891995,56.01346727172354,2.5415984761138555,1.809832853378302,Silty,High
21.961919476819737,13.45625234145544,26.24638120164986,4.394459272671669,39.22236738466232,0.3353986296433858,0.45187427026712734,Clay,Low
50.038486791550554,29.042292539907386,50.49693333005504,5.274815806396081,32.34030353068283,0.6567351854783164,0.9931070541459877,Sandy,Medium
49.49940404873574,24.330903893971787,61.857403238832035,5.841765236425872,57.15188348404623,1.0446602086214174,0.9438584967476242,Clay,Medium
59.2048377338058,48.161057074195305,55.89587698995645,6.526100260778919,36.70064734208021,1.4373068281262942,0.6018426001523669,Sandy,Medium
24.2996046105927,19.48130351787212,15.897846966386977,5.398938880271674,37.148434242752764,1.3254059217923273,0.612747998715077,Clay,Low
87.24902452678495,65.78129457031486,97.43260248793192,5.785551448064405,59.624474331096984,0.8990016923749344,1.4064566758053325,Red,High
74.96128028801125,25.09232008112735,39.89038269180124,6.495652732496026,65.13035635311778,0.6925406545757304,0.8840743675804502,Loamy,Medium
37.9621800053809,23.90062698800204,27.054010330667037,5.407728149300888,24.452772753948786,0.9250671488392779,0.3999931083289632,Red,Low
18.30121388577919,20.56222552559217,13.77165376004763,6.863465070811511,59.45693058734004,0.562638067478961,0.5135742912300958,Clay,Low
83.77513831956733,49.11960716228242,76.90551438426324,6.863458708299786,42.23132370338446,2.172563754069057,1.2381579956964597,Black,High
65.18216294816902,66.24874084385978,76.53015045933451,8.15644256994212,61.588338244326266,1.2936041985901152,1.422695187331642,Sandy,High
125.07359777461572,57.84132201288594,102.95129430601206,6.117589446287432,47.47061002601717,1.853649982919012,1.3515097279746646,Loamy,High
70.43765678147221,35.197320015874745,72.53040890641097,5.515840511742199,44.09891812939655,1.5401346446433404,1.3705845158919474,Red,High
102.58518606507587,78.50894899299556,78.45858700068915,6.940961613167384,90.0,1.144400642165195,1.1342955114096114,Red,High
63.42446484627824,64.68801450607242,77.27439730831044,7.632012691452117,72.33789960898628,2.3460942473856905,1.2362213503775348,Silty,High
68.26901428874183,42.922442047629296,96.23726055365763,5.922329367723488,70.33705700038755,1.9230379757931426,1.578994650414436,Red,High
70.3818494896586,45.60127234152635,63.986919811833744,7.833093708336904,64.35551405270336,1.3170177181101517,0.9310499100606016,Sandy,High
29.483665312887297,7.778060594764849,19.818455117556915,6.976750489165932,31.13604754533086,0.5585118471670409,0.22901365106406085,Sandy,Low
21.9783629972703,27.388971852509393,22.431332376245187,7.58945394988509,28.3100180684905,0.6992663863862278,0.27705378073425546,Clay,Low
90.05783796238629,41.94334205219941,64.52344169418515,8.224651296150475,89.12088457422296,1.3086673679196084,1.1475284997549824,Clay,High
25.04117698763599,27.015455333280617,8.67838293701578,4.512211751799421,24.98670825105023,0.666487735012208,0.6215577626854135,Sandy,Low
51.37344082126769,49.31678314134523,43.368257229940276,6.664679433502009,58.14446770473526,1.4890460202531939,0.829608591391998,Red,Medium
42.19037836550764,14.453004060877474,12.044628949493084,6.023324126316278,14.582726264046254,0.16527318858000428,0.3897068793344322,Black,Low
35.040765339564814,35.44050772214898,51.917405170001544,6.015689684756577,70.40157015001428,1.2947140356026294,1.0682675880347925,Black,Medium
92.20125221297853,79.96800765188382,51.8410275364419,7.029038981851154,45.94374881894787,1.3981785083298457,1.3040711692662987,Loamy,High
56.889521936606485,37.53370147127955,37.82387040857217,7.035768405977406,69.7685533306048,1.948872443349902,0.9954307765977322,Red,High
22.429005086861682,16.74537005392601,14.508845309640304,5.234513283750107,41.555230247861985,0.6344684701983706,0.373882123746766,Sandy,Low
13.884269455260663,23.840537419241606,13.960571430681016,5.583178892894371,59.690721904744024,0.45983641948978676,0.9461045956628455,Black,Low
39.272701332249355,59.0145116863323,54.90745063808091,5.94707771506733,43.558472667485155,1.295079279975223,0.8180814514531328,Black,Medium
101.88610742245355,38.208410696122534,78.31408524422257,6.834392155786082,49.96116945111303,1.7202505203774205,0.8408008222882812,Sandy,High
42.818646779348946,18.118680244720462,23.473370045779596,7.944506702135044,46.400560357964544,0.7647149735372272,1.302953879971077,Sandy,Medium
80.30842832864329,21.221737198161364,29.391288918503786,6.617913780569101,50.97399061714947,1.3248986106979623,0.46122644743121477,Red,Medium
101.72344133622775,48.30627866309469,83.92762702009095,6.201908617231183,58.1917009359873,1.5143600849938414,1.0375735957851493,Black,High
19.22927386593826,14.072506018897025,14.753294126387958,4.190282063475245,49.61095788459011,0.4798378723514134,0.47939380323562125,Black,Low
82.88948448934745,47.78575639904822,61.03774286937683,7.68246887198945,26.44293055747587,1.5433762294260942,1.2166565254716661,Clay,High
92.08499141885463,29.28647182507055,55.88272390473985,7.849325749228761,54.04736902946115,0.7478551786155985,0.5374127310828718,Loamy,Medium
32.00559405082032,27.867585231489205,46.91947047738087,5.686161999073433,18.99367134206082,0.5322545837210692,0.6666387348338071,Loamy,Low
36.60397492693058,17.46450481609287,24.34347420946835,4.854481271759305,28.435827062889672,0.4567899061317519,0.1304624532449909,Sandy,Low
45.48626228178626,25.708390445703774,56.141854114826906,6.9299711516816735,52.723529852001725,0.5697052306355496,0.7984103490130205,Red,Medium
76.85196698973894,63.063896341209784,83.87366916664168,7.325560301873139,87.76334597204445,2.062371358065655,1.1846031238371166,Clay,High
43.61325282682058,37.16880484427076,44.51506345875652,4.793124158239676,51.28127790535983,0.6739720145554143,0.8922093260534273,Black,Medium
18.08366215277185,15.403082161281409,33.017247703113455,4.537477879689456,19.25029046391293,0.6074428196784625,0.3809447540279061,Red,Low
47.62134941824335,60.16523476399905,41.12865249158788,6.549384327760503,23.46076521319369,0.5552849708818831,0.9211385544494093,Sandy,Medium
61.83092736961247,37.67432554376252,28.183646769466876,7.212245026099854,31.0877806789312,0.7205234282577718,0.8704866814175268,Loamy,Medium
73.9201725988163,56.184286563624774,78.51775964435902,7.96562749471118,51.072319411177304,1.6999813450643513,1.6224900812713863,Sandy,High
93.03846599443241,56.20411674493687,66.44731326437831,5.586911941065353,58.38660407543953,2.09661821905816,1.219342155318786,Black,High
79.36051459420389,86.8423795154938,83.92958015203558,7.15638827163979,67.07887087529237,1.54651861989256,0.7588603295081202,Red,High
0.0,15.39555309909779,20.96340810497669,4.7869666952150896,51.713830601352306,0.9578422684240148,0.6059061120618174,Silty,Low
32.80866052706071,10.46416272197591,21.327169112962423,5.771002397476693,24.011211593576917,0.55372781312147,0.4769657478924286,Loamy,Low
47.67851443587357,21.719911674524923,54.42401618848063,5.673555659538229,49.50164444957668,0.5329532544819207,0.5706438857089118,Loamy,Medium
54.88610591952738,37.01230824710794,22.73317841947647,6.2650884927762664,36.99313468347877,1.1102535478310773,0.7611200071625623,Silty,Medium
68.10102122993881,78.14506793426699,47.46272922826877,6.540239408649994,63.39877989254859,1.594428605869603,1.0360979248420759,Silty,High
63.812303169976055,77.50914429798249,104.23513485756885,6.854287489803958,43.738164976111406,2.0099785243991963,0.9752985824309884,Silty,High
41.93840702106737,29.14410400202184,39.743356982110996,5.135230502915125,37.57583606008288,1.2559832743590305,0.8126174731176858,Red,Medium
31.32603340963555,12.515840878695052,32.23968554367695,5.207992362938387,21.941519138592074,0.1,0.8114722723370535,Sandy,Low
100.26148799378008,79.46358787633676,71.58539219566178,8.117160046243578,55.77852164929123,2.009782983789947,1.0735729219210823,Silty,High
57.65202180080553,58.611939113245526,63.00866864201169,5.111195430491088,56.050395485134,1.555077024675575,1.4887942101547078,Loamy,High
75.15955787237036,38.72120555187309,37.35246715718857,6.3533125116187765,41.82342355706149,1.0963918568339506,0.83316087244191,Silty,Medium
59.37889064887614,23.24512486340126,47.80410513973646,4.931571382155399,59.2668561176993,1.108154243231592,1.1784422678367956,Red,Medium
38.46796901698106,25.48624050854504,21.095447480713215,4.836349652861565,19.148539435099636,0.23640680705592207,0.2847778224948547,Black,Low
8.150588805875813,19.191163824848758,25.357051268851052,5.350249462363566,31.00759749359082,0.5977088609503376,0.3397340107613993,Sandy,Low
19.582908087344194,28.42020473000145,41.99865923474876,4.264246367887037,8.72009241656108,0.5252732612516521,0.6126671191624276,Sandy,Low
41.35359054555927,31.280485863010483,35.64777771630867,5.716812357114204,17.17790437056478,0.5179931545987944,0.4740069514306502,Silty,Low
49.334692487442254,50.239508700566944,34.91801979573964,7.039241890293322,55.77297543837687,0.7897239228804913,0.5831476703842127,Clay,Medium
50.98808298558338,23.91644827025548,23.635412357444068,6.746168721479113,43.915272476796204,0.8830703501337552,0.6079112165768178,Black,Medium
29.923162889406576,15.360136124629204,9.114736727035243,5.059312531475158,45.31013163322932,0.603817212964416,0.4323162376129719,Clay,Low
32.02093155097287,14.719605265728934,58.17471003664582,6.76996334083828,42.290857863931286,0.8309398640265734,0.894696467169476,Sandy,Medium
46.79580273130715,29.450726821718696,74.13708820250005,6.927515167838274,48.01458741790471,1.3597952825389052,1.0927314137918516,Red,Medium
71.09922037489233,62.56139128574893,64.41611607532107,6.811321996420912,50.40221872069132,1.7124422146285962,0.8458646760361446,Sandy,High
46.12648011207796,41.9601506636799,73.07483946195045,6.914437306526,57.92850800347148,2.1720737613778667,1.629132008443801,Red,High
44.75928892442561,39.89576493596679,29.671274239704235,7.83666784750342,59.679823152738706,0.590322093817669,0.6464159353898499,Silty,Medium
46.58798234106206,41.330030738094436,39.687243835806726,7.315055430236205,46.09968391241564,1.6761665393026237,0.9525885653648225,Red,Medium
69.57886327792826,37.18162387589078,56.935561621819254,5.44876258830625,24.34748667596483,1.1249701052995116,1.123329474612817,Black,Medium
79.34674395854631,47.53342861511409,44.24730448142543,7.347005537061781,64.27114463025676,0.9259454086751369,0.7729693766801391,Loamy,Medium
56.48691042521349,40.924817813932954,45.734133096986014,6.675739536289099,45.47828349280596,0.350893433013708,1.1857708473987403,Loamy,Medium
70.64459744939654,73.01175889832558,92.02512824491738,7.1457592703782,72.00180640029474,1.4578858788119968,1.2273495752745265,Black,High
63.03333390012497,55.10045533971366,69.6329121775647,7.482814889856017,44.08401831588462,0.6292617564317351,1.5079449396828835,Silty,High
42.24015422110098,8.984409698506482,56.27495218430669,6.680270579258025,49.72233452861138,1.0410365252568607,0.36676432611307314,Silty,Medium
68.02514457727331,50.19883830495313,79.1331147671468,7.805794484629672,42.7573476484709,2.0355469650535674,1.4492322300986578,Black,High
48.91467561971394,40.419997666582496,44.13450631375419,6.661783880114736,47.13637776459515,0.8564412381007265,0.5620038539299475,Red,Medium
15.078847694138402,22.65644659876211,33.6792350634002,4.637934852425192,22.72367855722041,0.3366043463388836,0.11784092060629331,Loamy,Low
74.02229238968462,41.981641516200675,49.97159924817052,6.550829280245417,52.962278233376885,2.303990738439433,0.9003534115021345,Silty,High
80.85587007381383,53.931498629617934,76.95417994087143,6.742118854622477,61.39137137081629,1.109628637192071,0.7829333580918878,Red,High
52.72892301653841,57.768881179324616,39.22056142864379,6.49755591635829,53.775024157518224,1.346675826077376,1.3617099935586714,Sandy,High
71.91168240719666,29.47964042599582,67.13252085171676,6.139898200444522,45.80476404076243,1.0900509548993778,0.8708680938991115,Black,Medium
84.92269947491498,75.43139637233878,93.25979149915229,7.8501645092575805,44.554902566242504,1.4452195493826392,1.3109702583719571,Black,High
18.326566498681764,30.89978866266674,27.8587666675364,5.606967049450228,25.58549941566775,0.3951950590441975,0.5908003088393684,Red,Low
39.96097340326378,26.280572676687587,33.041642763377425,5.990963888288335,56.50100261750411,0.49710054298161416,0.9583915430356638,Silty,Medium
80.07508838765288,53.9641461049023,63.4059579213525,6.2400764731612055,54.57147273876176,2.2543048897254985,1.2570138084995797,Red,High
40.01813418467195,28.51261796756249,36.305945499663586,7.012275337531602,41.391628277830755,0.3147839118963107,0.832827768242275,Clay,Medium
36.02711731942466,0.0,40.438684714668796,5.838274432313243,23.71946736805182,0.49417412975529545,0.510789651263284,Black,Low
70.32236284856879,31.365125445900357,101.81908353923207,7.760511644941997,64.03908936782655,1.7738256046808187,1.423968767979026,Silty,High
21.254791897902145,14.361360350365397,19.38565341498018,5.6395557601992685,13.551101788478114,0.22367464330986006,0.2972858934235872,Clay,Low
65.31400981344598,54.001231072083094,40.56374960138781,6.781809338591988,54.521949739189,1.112500745321039,0.8146581932355959,Red,Medium
32.53873357637034,36.81790005847806,43.34692987661703,6.067594097727851,60.455027937429115,1.014432704855639,0.6191005861672496,Clay,Medium
35.026928319287926,9.811893982592652,23.092768175375433,5.061201978924281,22.39190108630546,0.4495954751105221,0.1370970584198421,Silty,Low
89.82592013623199,52.71238607752136,58.85098149489161,7.944503395250808,43.72736852257022,1.1087785436393263,0.7378109346311391,Sandy,High
81.96585114549114,14.590466239887352,37.631803783860015,6.4558508652064415,39.81167035589617,1.1287265977885566,0.7941284528237322,Black,Medium
86.85319300488487,40.67666904402751,61.41027334349483,5.123446853031342,56.74087351112961,1.4594502151786506,1.5142022198868252,Red,High
27.347535564141985,17.820383772022545,0.0,3.702137617879832,26.813223666191956,0.5868543971617134,0.3777242653103798,Silty,Low
40.219303051549126,41.5690357377061,52.676239782389665,5.957268377885091,40.86081805842853,0.8262878286861781,0.9134217669969497,Sandy,Medium
51.549637898534144,45.8561928462717,30.079003068276766,5.889860940359432,20.370106995863658,0.9953919620029206,0.9624552700689433,Loamy,Medium
61.667365555709516,39.019613559722835,29.649666559584233,7.018495978473799,46.111653968624786,1.1273112856749548,0.7923112640136538,Loamy,Medium
90.45885576070138,51.143691242566184,72.54567694234734,8.024791825731112,54.24120707172583,0.9818668884196029,1.4392920747636784,Sandy,High
32.51027081243291,0.0,14.641672730036886,4.690779658638838,34.10252598847494,1.0547092587029676,0.2255025059597047,Clay,Low
45.882752587612124,24.564085551792104,54.14245654774146,7.139443413459301,53.79936293228481,0.7191633599581986,0.9304461881025959,Silty,Medium
50.48207737433188,25.41922442515315,56.63297897454359,5.699967335493429,43.35452538062681,0.685940515497795,1.0482741585127664,Red,Medium
70.27217764391605,47.43921820439106,38.648708588657016,6.166784876744459,40.31549228118458,1.1137165985770932,0.7772163115076418,Red,Medium
44.165888867354916,52.9381245727289,78.39379152223009,7.024248942235053,66.93438181898094,1.2332278424787795,1.121398600548649,Sandy,High
74.88510192902548,81.52249674950117,72.40869384298324,6.373017405781602,48.920154805128135,1.0286170951783127,1.0174898005659507,Silty,High
31.535556745558214,23.66997837562335,51.79376959927919,6.334989539694698,34.62619232653082,0.6859867913069029,1.305294287620434,Sandy,Medium
112.37250659339696,29.470544761183998,72.14059991006985,6.319689810764205,69.06992254584,2.5741426667399088,1.3413993396176112,Black,High
59.45196850380064,40.9208049053037,45.69142846924885,6.503832735511657,52.19364688072932,1.1750310227495526,0.9775114145377987,Clay,Medium
80.13284033056159,53.313308157417296,66.60322705488389,6.197702420220213,57.89351014572974,2.1984462643757294,1.050396711809522,Clay,High
99.39190516870326,62.917423249767296,81.48687879635324,6.471270819148316,67.31569285622754,2.009912955610313,0.8156285241681589,Silty,High
48.88846416696462,25.578306355982505,29.058807621299916,5.5121310182216625,29.977546573108672,0.5626574301969334,0.5935928811648952,Clay,Low
18.601265874495965,23.250025399164066,12.340638417257999,4.942208753157849,26.039919563531914,0.22172110618218427,0.1,Sandy,Low
56.17418427706708,38.347578151052204,49.93235580633686,6.887657915874511,38.483261193550646,0.6978172625038438,0.9025127610671884,Loamy,Medium
77.93962530660585,71.97348787966042,60.55141913079047,7.860780825097062,79.60570799651832,1.3780575007001625,1.389805869543415,Sandy,High
51.254546526916286,42.834621784705725,57.548698034291604,6.0044374527467115,53.03391485289806,1.0341418216533815,0.9059727638606873,Silty,Medium
21.04517516440491,24.6663708434411,32.118560895246134,4.7120638961860015,26.98380785658082,0.1,0.5250476485556184,Sandy,Low
47.88327636017182,34.46779773618164,41.35765118067272,6.092883020899309,48.78605544215915,0.7147272382916648,0.7682390739824448,Loamy,Medium
87.78476240535404,50.84042930600773,68.59325992995834,6.433293379009235,76.87063721744424,1.5147748275557598,1.4278125903209276,Red,High
55.923920389227426,44.41036160003969,57.01407551113451,7.576813512910959,44.55840600085347,1.057107208399178,1.1773195895104933,Sandy,Medium
53.08598580965758,68.85601774614679,48.24983209396517,5.298141893567373,47.733895148362905,1.163890746695687,1.326204248351121,Black,High
49.19434175992428,53.4137735185276,68.27379245515274,5.217195212262511,52.72188474488319,1.6686517241713406,1.1500894834284316,Loamy,High
125.93089584647149,49.61382119625477,46.84989547872394,6.688875211247567,64.52581034445379,1.677623011196666,1.4209935131028304,Loamy,High
24.590066286714876,27.422123662628152,68.74308994117189,5.982363551787333,55.47392206689308,1.3671242510451571,1.0921135684990366,Black,Medium
48.083404291601916,44.19429953230233,113.27453045204763,5.627221971553524,68.45848539947745,0.7726873510696334,0.8716563890709375,Black,High
26.395570123627312,14.988465396893769,12.856439756450873,3.702420222255435,36.934058862266376,0.45204463128218286,0.1460642685875423,Loamy,Low
111.09094856133636,65.86572054868631,64.78922095799403,6.724217678381932,62.49564860133674,1.403146180376166,1.265192691723953,Red,High
103.69287346651166,65.07021074025081,57.1984315002254,7.472591296412806,68.0510635553751,1.401922307173018,1.1199924334889577,Loamy,High
6.0716091222145145,31.120489906954358,32.641596759081715,5.239382950116223,27.592833766420018,0.6137040278125944,0.3046982350813854,Loamy,Low
51.359482532371594,29.61867860104295,105.31690615529413,6.956767696567459,72.40571214579447,1.9232851386585135,1.0182232745453506,Clay,High
79.0672344489607,43.46916181227729,75.67182069158471,7.069528222681329,67.10780103266802,1.996118821048331,1.202253304556485,Loamy,High
112.64905124504111,40.78378707527232,38.021892028410136,7.399984831851732,53.818448766634496,1.2475125979367516,1.4978666447858775,Silty,High
79.64077238798676,15.282451091628609,42.9598592919668,4.888578580122249,55.15764666297394,0.8637408245280358,1.0002404593724612,Clay,Medium
73.60972446410926,28.27314690855683,27.22001449887389,6.590012842421493,42.96931023448965,0.48506644270411603,0.5878163392611437,Black,Medium
97.14891599139958,52.07961018415582,75.53391567795582,4.861906663800921,54.65622055507598,1.8684180591835122,1.296305365790731,Red,High
25.578610546559,20.704868037696144,20.906433398315123,5.7027027698464305,33.18702109887643,0.642697712903123,0.728439861881415,Loamy,Low
69.5617126755964,31.70620578016232,72.33105808348805,6.696963274490357,80.97238398106163,1.4704576059409529,1.2279138910712162,Black,High
81.60196807649967,51.598584938658256,73.73709525130153,7.871187867820779,90.0,1.9537080909299729,1.021563188993522,Clay,High
118.81157686230266,77.18696881539395,91.83038066286193,7.216177699560746,34.5376294782084,1.2635692509482714,1.3359287017940564,Red,High
40.381748874070674,39.740889989085176,41.960308579656356,5.424783516540528,50.9651141018965,0.8835766660368943,0.7652208925444959,Sandy,Medium
109.62722384830492,56.11691039780513,89.18284266529088,5.213712496762309,67.96984730175377,1.5328980453940475,1.009465723263819,Silty,High
100.78174863752639,25.909326352705396,79.44793016506344,7.434733241765342,52.60007041345043,1.3491723422754704,0.8046389371124458,Silty,High
34.76696458394363,20.155042916004465,10.400918846956676,5.267212027461391,27.459545805960865,0.29564170872053314,0.13388869612097204,Loamy,Low
88.25082527000578,61.7947663959327,56.348089064131784,7.053971875891588,49.414698018700875,1.4656241496853195,1.2594450159295338,Clay,High
30.168184731195694,28.980678803084402,55.502224794923514,5.749517797707025,42.91821305418684,0.8188942337521793,0.7650677983408358,Sandy,Medium
30.48133112698005,25.786340815818548,67.33355011858941,7.603811921598088,56.11504894332284,1.536141188383313,0.4182996116712521,Black,Medium
112.92904113432148,49.61682435690978,79.91846879397077,7.240534825429362,59.96664449055514,1.3520937104914974,0.9139908075366856,Sandy,High
72.50947971257162,27.7916358122371,21.594641660347314,6.48035406413025,51.025472908828434,1.1803676934444098,1.0654574543956419,Red,Medium
46.90074770564044,42.03804202460678,20.64516528167651,6.502565068873006,57.185461893768036,1.4607083209265301,0.9758835486642132,Black,Medium
0.0,30.907749516578193,24.304049535733746,6.034255890174602,20.444093858570206,0.11295297532054545,0.7415479833010151,Clay,Low
